timestamp,equity
2025-08-20 00:00:00,10000.0
2025-08-20 00:01:00,10000.0
2025-08-20 00:02:00,10000.0
2025-08-20 00:03:00,10000.0
2025-08-20 00:04:00,10000.0
2025-08-20 00:05:00,10000.0
2025-08-20 00:06:00,10000.0
2025-08-20 00:07:00,10000.0
2025-08-20 00:08:00,10000.0
2025-08-20 00:09:00,10000.0
2025-08-20 00:10:00,10000.0
2025-08-20 00:11:00,10000.0
2025-08-20 00:12:00,10000.0
2025-08-20 00:13:00,10000.0
2025-08-20 00:14:00,10000.0
2025-08-20 00:15:00,10000.0
2025-08-20 00:16:00,10000.0
2025-08-20 00:17:00,10000.0
2025-08-20 00:18:00,10000.0
2025-08-20 00:19:00,10000.0
2025-08-20 00:20:00,10000.0
2025-08-20 00:21:00,10000.0
2025-08-20 00:22:00,10000.0
2025-08-20 00:23:00,9999.999585120673
2025-08-20 00:24:00,9999.999460120674
2025-08-20 00:25:00,9999.998841832716
2025-08-20 00:26:00,9999.999061332717
2025-08-20 00:27:00,9999.999102646889
2025-08-20 00:28:00,9999.999231346888
2025-08-20 00:29:00,9999.999402946889
2025-08-20 00:30:00,9999.999643947443
2025-08-20 00:31:00,9999.999302902213
2025-08-20 00:32:00,9999.998824195802
2025-08-20 00:33:00,9999.998941195801
2025-08-20 00:34:00,9999.999112109974
2025-08-20 00:35:00,9999.99989738929
2025-08-20 00:36:00,9999.99986488929
2025-08-20 00:37:00,9999.999994889291
2025-08-20 00:38:00,10000.00009238929
2025-08-20 00:39:00,10000.000403509983
2025-08-20 00:40:00,10000.000544118677
2025-08-20 00:41:00,10000.000241753385
2025-08-20 00:42:00,10000.000417872943
2025-08-20 00:43:00,10000.000383372944
2025-08-20 00:44:00,10000.000276654224
2025-08-20 00:45:00,10000.000399062917
2025-08-20 00:46:00,10000.000492662917
2025-08-20 00:47:00,10000.000367862916
2025-08-20 00:48:00,10000.000175344197
2025-08-20 00:49:00,10000.000271044197
2025-08-20 00:50:00,10000.000143444197
2025-08-20 00:51:00,10000.000207244197
2025-08-20 00:52:00,10000.000271044197
2025-08-20 00:53:00,10000.000271044197
2025-08-20 00:54:00,10000.000079644196
2025-08-20 00:55:00,10000.000302944196
2025-08-20 00:56:00,10000.000239144196
2025-08-20 00:57:00,10000.000311463755
2025-08-20 00:58:00,10000.000024374516
2025-08-20 00:59:00,9999.999897774514
2025-08-20 01:00:00,10000.000034221073
2025-08-20 01:01:00,10000.000300875405
2025-08-20 01:02:00,10000.000333675403
2025-08-20 01:03:00,10000.000333675403
2025-08-20 01:04:00,10000.000348072099
2025-08-20 01:05:00,10000.000352272098
2025-08-20 01:06:00,10000.000343872098
2025-08-20 01:07:00,10000.00019630424
2025-08-20 01:08:00,10000.00010778552
2025-08-20 01:09:00,9999.99971919144
2025-08-20 01:10:00,9999.999177815544
2025-08-20 01:11:00,9999.9993344891
2025-08-20 01:12:00,9999.9994874891
2025-08-20 01:13:00,9999.998878824323
2025-08-20 01:14:00,9999.999045324323
2025-08-20 01:15:00,9999.998473343425
2025-08-20 01:16:00,9999.998273843425
2025-08-20 01:17:00,9999.9974607814
2025-08-20 01:18:00,9999.9979353814
2025-08-20 01:19:00,9999.99831583809
2025-08-20 01:20:00,9999.99831583809
2025-08-20 01:21:00,9999.999409917406
2025-08-20 01:22:00,9999.999138317406
2025-08-20 01:23:00,9999.998874760457
2025-08-20 01:24:00,9999.998295212039
2025-08-20 01:25:00,9999.99841181204
2025-08-20 01:26:00,9999.997711857228
2025-08-20 01:27:00,9999.997133508488
2025-08-20 01:28:00,9999.99743432566
2025-08-20 01:29:00,9999.997052200806
2025-08-20 01:30:00,9999.996899200805
2025-08-20 01:31:00,9999.99609603581
2025-08-20 01:32:00,9999.99609958242
2025-08-20 01:33:00,9999.99630616311
2025-08-20 01:34:00,9999.996647663109
2025-08-20 01:35:00,9999.996219604232
2025-08-20 01:36:00,9999.996219604232
2025-08-20 01:37:00,9999.995852604232
2025-08-20 01:38:00,9999.993422050082
2025-08-20 01:39:00,9999.994054560639
2025-08-20 01:40:00,9999.994480914926
2025-08-20 01:41:00,9999.993702204114
2025-08-20 01:42:00,9999.993878004114
2025-08-20 01:43:00,9999.994148720798
2025-08-20 01:44:00,9999.994148720798
2025-08-20 01:45:00,9999.9943125208
2025-08-20 01:46:00,9999.994682739543
2025-08-20 01:47:00,9999.994824918838
2025-08-20 01:48:00,9999.994970100386
2025-08-20 01:49:00,9999.994997560076
2025-08-20 01:50:00,9999.995008960075
2025-08-20 01:51:00,9999.994966285312
2025-08-20 01:52:00,9999.995091368082
2025-08-20 01:53:00,9999.995091368082
2025-08-20 01:54:00,9999.995093768082
2025-08-20 01:55:00,9999.99509856808
2025-08-20 01:56:00,9999.995094169908
2025-08-20 01:57:00,9999.995087769908
2025-08-20 01:58:00,9999.995082969908
2025-08-20 01:59:00,9999.99509096991
2025-08-20 02:00:00,9999.995087769908
2025-08-20 02:01:00,9999.995091572082
2025-08-20 02:02:00,9999.995087972082
2025-08-20 02:03:00,9999.99505679139
2025-08-20 02:04:00,9999.995033791389
2025-08-20 02:05:00,9999.995070591389
2025-08-20 02:06:00,9999.99507381208
2025-08-20 02:07:00,9999.99507381208
2025-08-20 02:08:00,9999.99490411757
2025-08-20 02:09:00,9999.99482761757
2025-08-20 02:10:00,9999.9949426719
2025-08-20 02:11:00,9999.99485071757
2025-08-20 02:12:00,9999.994994826264
2025-08-20 02:13:00,9999.995055713038
2025-08-20 02:14:00,9999.995077713038
2025-08-20 02:15:00,9999.995083797734
2025-08-20 02:16:00,9999.99506869356
2025-08-20 02:17:00,9999.995063693561
2025-08-20 02:18:00,9999.995058693561
2025-08-20 02:19:00,9999.995033248984
2025-08-20 02:20:00,9999.995033248984
2025-08-20 02:21:00,9999.995001248984
2025-08-20 02:22:00,9999.995033248984
2025-08-20 02:23:00,9999.995040445678
2025-08-20 02:24:00,9999.995040445678
2025-08-20 02:25:00,9999.995047645678
2025-08-20 02:26:00,9999.995050045678
2025-08-20 02:27:00,9999.994972177048
2025-08-20 02:28:00,9999.99499537622
2025-08-20 02:29:00,9999.994962032817
2025-08-20 02:30:00,9999.994957611169
2025-08-20 02:31:00,9999.994752090346
2025-08-20 02:32:00,9999.994781190346
2025-08-20 02:33:00,9999.994478402683
2025-08-20 02:34:00,9999.994291202682
2025-08-20 02:35:00,9999.994597457013
2025-08-20 02:36:00,9999.9945356698
2025-08-20 02:37:00,9999.99447485108
2025-08-20 02:38:00,9999.99438635108
2025-08-20 02:39:00,9999.99447485108
2025-08-20 02:40:00,9999.99432735108
2025-08-20 02:41:00,9999.99444535108
2025-08-20 02:42:00,9999.994519285852
2025-08-20 02:43:00,9999.994600285852
2025-08-20 02:44:00,9999.994603878413
2025-08-20 02:45:00,9999.994625777586
2025-08-20 02:46:00,9999.994611777585
2025-08-20 02:47:00,9999.994604777587
2025-08-20 02:48:00,9999.994583733009
2025-08-20 02:49:00,9999.994580729704
2025-08-20 02:50:00,9999.99456932853
2025-08-20 02:51:00,9999.994567725225
2025-08-20 02:52:00,9999.994568925225
2025-08-20 02:53:00,9999.994568125225
2025-08-20 02:54:00,9999.994568125225
2025-08-20 02:55:00,9999.99455292053
2025-08-20 02:56:00,9999.994547317225
2025-08-20 02:57:00,9999.994548117225
2025-08-20 02:58:00,9999.994548517225
2025-08-20 02:59:00,9999.99440568789
2025-08-20 03:00:00,9999.99445648789
2025-08-20 03:01:00,9999.994599884585
2025-08-20 03:02:00,9999.994649223363
2025-08-20 03:03:00,9999.99461598792
2025-08-20 03:04:00,9999.994610753482
2025-08-20 03:05:00,9999.99460154931
2025-08-20 03:06:00,9999.994481300324
2025-08-20 03:07:00,9999.994627092885
2025-08-20 03:08:00,9999.994635831665
2025-08-20 03:09:00,9999.994624227491
2025-08-20 03:10:00,9999.994498898743
2025-08-20 03:11:00,9999.994446298742
2025-08-20 03:12:00,9999.994446298742
2025-08-20 03:13:00,9999.994419998742
2025-08-20 03:14:00,9999.994106592356
2025-08-20 03:15:00,9999.994195992356
2025-08-20 03:16:00,9999.99454399453
2025-08-20 03:17:00,9999.99463139453
2025-08-20 03:18:00,9999.994843293704
2025-08-20 03:19:00,9999.995052098044
2025-08-20 03:20:00,9999.995158298045
2025-08-20 03:21:00,9999.995140598045
2025-08-20 03:22:00,9999.995069798044
2025-08-20 03:23:00,9999.995175998045
2025-08-20 03:24:00,9999.995240136608
2025-08-20 03:25:00,9999.995196636608
2025-08-20 03:26:00,9999.995266236609
2025-08-20 03:27:00,9999.995297397303
2025-08-20 03:28:00,9999.995303145999
2025-08-20 03:29:00,9999.995303846
2025-08-20 03:30:00,9999.995303846
2025-08-20 03:31:00,9999.995303846
2025-08-20 03:32:00,9999.995305946
2025-08-20 03:33:00,9999.995310846
2025-08-20 03:34:00,9999.995308746
2025-08-20 03:35:00,9999.995259981302
2025-08-20 03:36:00,9999.995187646686
2025-08-20 03:37:00,9999.995120646687
2025-08-20 03:38:00,9999.995214446686
2025-08-20 03:39:00,9999.995107246687
2025-08-20 03:40:00,9999.995050911077
2025-08-20 03:41:00,9999.994949511078
2025-08-20 03:42:00,9999.994932611078
2025-08-20 03:43:00,9999.994785907405
2025-08-20 03:44:00,9999.994886907405
2025-08-20 03:45:00,9999.994826307406
2025-08-20 03:46:00,9999.994572623933
2025-08-20 03:47:00,9999.99464260863
2025-08-20 03:48:00,9999.99489600863
2025-08-20 03:49:00,9999.99489600863
2025-08-20 03:50:00,9999.99496840863
2025-08-20 03:51:00,9999.994932208629
2025-08-20 03:52:00,9999.99482360863
2025-08-20 03:53:00,9999.994601202268
2025-08-20 03:54:00,9999.994757502269
2025-08-20 03:55:00,9999.994757502269
2025-08-20 03:56:00,9999.994913802268
2025-08-20 03:57:00,9999.994861702267
2025-08-20 03:58:00,9999.994809602269
2025-08-20 03:59:00,9999.994653302268
2025-08-20 04:00:00,9999.994965902268
2025-08-20 04:01:00,9999.995271140831
2025-08-20 04:02:00,9999.99557309518
2025-08-20 04:03:00,9999.995605789969
2025-08-20 04:04:00,9999.995563498589
2025-08-20 04:05:00,9999.99558149859
2025-08-20 04:06:00,9999.99558749859
2025-08-20 04:07:00,9999.995587047286
2025-08-20 04:08:00,9999.995593047286
2025-08-20 04:09:00,9999.995593047286
2025-08-20 04:10:00,9999.995585047287
2025-08-20 04:11:00,9999.995572855907
2025-08-20 04:12:00,9999.99556370405
2025-08-20 04:13:00,9999.99555690405
2025-08-20 04:14:00,9999.99556370405
2025-08-20 04:15:00,9999.99555690405
2025-08-20 04:16:00,9999.995565652747
2025-08-20 04:17:00,9999.995601636921
2025-08-20 04:18:00,9999.995600818096
2025-08-20 04:19:00,9999.995592798921
2025-08-20 04:20:00,9999.995596398921
2025-08-20 04:21:00,9999.995596398921
2025-08-20 04:22:00,9999.995595580096
2025-08-20 04:23:00,9999.995597980096
2025-08-20 04:24:00,9999.995530624565
2025-08-20 04:25:00,9999.995449891143
2025-08-20 04:26:00,9999.995528089938
2025-08-20 04:27:00,9999.995548689936
2025-08-20 04:28:00,9999.995579589937
2025-08-20 04:29:00,9999.995558989936
2025-08-20 04:30:00,9999.99556629351
2025-08-20 04:31:00,9999.995565171686
2025-08-20 04:32:00,9999.995565171686
2025-08-20 04:33:00,9999.995566671685
2025-08-20 04:34:00,9999.995556246511
2025-08-20 04:35:00,9999.995486278793
2025-08-20 04:36:00,9999.995324243271
2025-08-20 04:37:00,9999.995169512376
2025-08-20 04:38:00,9999.994944512377
2025-08-20 04:39:00,9999.994809512376
2025-08-20 04:40:00,9999.994618895174
2025-08-20 04:41:00,9999.994703031873
2025-08-20 04:42:00,9999.995006131872
2025-08-20 04:43:00,9999.995092731871
2025-08-20 04:44:00,9999.995092731871
2025-08-20 04:45:00,9999.995092731871
2025-08-20 04:46:00,9999.994493382195
2025-08-20 04:47:00,9999.994739339763
2025-08-20 04:48:00,9999.994836339763
2025-08-20 04:49:00,9999.99508536913
2025-08-20 04:50:00,9999.99515586913
2025-08-20 04:51:00,9999.99520286913
2025-08-20 04:52:00,9999.99527336913
2025-08-20 04:53:00,9999.99527336913
2025-08-20 04:54:00,9999.99522636913
2025-08-20 04:55:00,9999.99527336913
2025-08-20 04:56:00,9999.99527336913
2025-08-20 04:57:00,9999.99524986913
2025-08-20 04:58:00,9999.99522636913
2025-08-20 04:59:00,9999.99524986913
2025-08-20 05:00:00,9999.99520286913
2025-08-20 05:01:00,9999.99527336913
2025-08-20 05:02:00,9999.99508536913
2025-08-20 05:03:00,9999.99508536913
2025-08-20 05:04:00,9999.99508536913
2025-08-20 05:05:00,9999.995108869129
2025-08-20 05:06:00,9999.994952596826
2025-08-20 05:07:00,9999.994922196825
2025-08-20 05:08:00,9999.994982996826
2025-08-20 05:09:00,9999.994982996826
2025-08-20 05:10:00,9999.994800596825
2025-08-20 05:11:00,9999.994800596825
2025-08-20 05:12:00,9999.994861396826
2025-08-20 05:13:00,9999.994800596825
2025-08-20 05:14:00,9999.994699271538
2025-08-20 05:15:00,9999.994923055712
2025-08-20 05:16:00,9999.994440142364
2025-08-20 05:17:00,9999.994489242365
2025-08-20 05:18:00,9999.993728855052
2025-08-20 05:19:00,9999.993605255051
2025-08-20 05:20:00,9999.993790655051
2025-08-20 05:21:00,9999.993790655051
2025-08-20 05:22:00,9999.994132934407
2025-08-20 05:23:00,9999.994398738767
2025-08-20 05:24:00,9999.994393768384
2025-08-20 05:25:00,9999.994412552558
2025-08-20 05:26:00,9999.994332361546
2025-08-20 05:27:00,9999.994385619117
2025-08-20 05:28:00,9999.994375819117
2025-08-20 05:29:00,9999.994356219117
2025-08-20 05:30:00,9999.994323600888
2025-08-20 05:31:00,9999.994326537586
2025-08-20 05:32:00,9999.99436592176
2025-08-20 05:33:00,9999.994264272986
2025-08-20 05:34:00,9999.994510802351
2025-08-20 05:35:00,9999.994465845093
2025-08-20 05:36:00,9999.99449796979
2025-08-20 05:37:00,9999.994501650966
2025-08-20 05:38:00,9999.994503750966
2025-08-20 05:39:00,9999.994497450965
2025-08-20 05:40:00,9999.994485136183
2025-08-20 05:41:00,9999.994487517359
2025-08-20 05:42:00,9999.994463402578
2025-08-20 05:43:00,9999.994471627277
2025-08-20 05:44:00,9999.994476527276
2025-08-20 05:45:00,9999.994401191987
2025-08-20 05:46:00,9999.994380891987
2025-08-20 05:47:00,9999.994401191987
2025-08-20 05:48:00,9999.994492516686
2025-08-20 05:49:00,9999.994492516686
2025-08-20 05:50:00,9999.994557716685
2025-08-20 05:51:00,9999.994557716685
2025-08-20 05:52:00,9999.994563529386
2025-08-20 05:53:00,9999.994558547603
2025-08-20 05:54:00,9999.994600725779
2025-08-20 05:55:00,9999.994600725779
2025-08-20 05:56:00,9999.994655302355
2025-08-20 05:57:00,9999.994653102356
2025-08-20 05:58:00,9999.994653102356
2025-08-20 05:59:00,9999.994663674532
2025-08-20 06:00:00,9999.994643446356
2025-08-20 06:01:00,9999.994643446356
2025-08-20 06:02:00,9999.994652246356
2025-08-20 06:03:00,9999.994548392086
2025-08-20 06:04:00,9999.994415392086
2025-08-20 06:05:00,9999.994335592086
2025-08-20 06:06:00,9999.994468592085
2025-08-20 06:07:00,9999.994415392086
2025-08-20 06:08:00,9999.994415392086
2025-08-20 06:09:00,9999.994362192085
2025-08-20 06:10:00,9999.994258485733
2025-08-20 06:11:00,9999.994026085733
2025-08-20 06:12:00,9999.993773113963
2025-08-20 06:13:00,9999.993809013962
2025-08-20 06:14:00,9999.993809013962
2025-08-20 06:15:00,9999.993916713962
2025-08-20 06:16:00,9999.994054695138
2025-08-20 06:17:00,9999.99360708009
2025-08-20 06:18:00,9999.993964209456
2025-08-20 06:19:00,9999.994011113029
2025-08-20 06:20:00,9999.993973310984
2025-08-20 06:21:00,9999.993983910983
2025-08-20 06:22:00,9999.993990623683
2025-08-20 06:23:00,9999.993943421636
2025-08-20 06:24:00,9999.993922821635
2025-08-20 06:25:00,9999.993902221637
2025-08-20 06:26:00,9999.993833605518
2025-08-20 06:27:00,9999.993878386695
2025-08-20 06:28:00,9999.993973186694
2025-08-20 06:29:00,9999.994041437492
2025-08-20 06:30:00,9999.994092538192
2025-08-20 06:31:00,9999.994047613016
2025-08-20 06:32:00,9999.994057013017
2025-08-20 06:33:00,9999.994047613016
2025-08-20 06:34:00,9999.994079413716
2025-08-20 06:35:00,9999.994080113716
2025-08-20 06:36:00,9999.994084313717
2025-08-20 06:37:00,9999.994087813717
2025-08-20 06:38:00,9999.994087113717
2025-08-20 06:39:00,9999.994087113717
2025-08-20 06:40:00,9999.994088513717
2025-08-20 06:41:00,9999.994090613716
2025-08-20 06:42:00,9999.994093413716
2025-08-20 06:43:00,9999.99408058254
2025-08-20 06:44:00,9999.99407718254
2025-08-20 06:45:00,9999.9939876546
2025-08-20 06:46:00,9999.993853588163
2025-08-20 06:47:00,9999.993688588163
2025-08-20 06:48:00,9999.993655588163
2025-08-20 06:49:00,9999.993688588163
2025-08-20 06:50:00,9999.993853588163
2025-08-20 06:51:00,9999.993787588164
2025-08-20 06:52:00,9999.993853588163
2025-08-20 06:53:00,9999.99401196334
2025-08-20 06:54:00,9999.99407596334
2025-08-20 06:55:00,9999.99407596334
2025-08-20 06:56:00,9999.994107963339
2025-08-20 06:57:00,9999.994171963339
2025-08-20 06:58:00,9999.994232335515
2025-08-20 06:59:00,9999.994232335515
2025-08-20 07:00:00,9999.994463564899
2025-08-20 07:01:00,9999.9944575649
2025-08-20 07:02:00,9999.9944995649
2025-08-20 07:03:00,9999.994295232278
2025-08-20 07:04:00,9999.994421554855
2025-08-20 07:05:00,9999.99409327581
2025-08-20 07:06:00,9999.994268905197
2025-08-20 07:07:00,9999.994293805197
2025-08-20 07:08:00,9999.994277205196
2025-08-20 07:09:00,9999.9943459699
2025-08-20 07:10:00,9999.9943373699
2025-08-20 07:11:00,9999.994314596615
2025-08-20 07:12:00,9999.994333261318
2025-08-20 07:13:00,9999.994324861318
2025-08-20 07:14:00,9999.994345861318
2025-08-20 07:15:00,9999.994333261318
2025-08-20 07:16:00,9999.994320661319
2025-08-20 07:17:00,9999.994250643991
2025-08-20 07:18:00,9999.994186143991
2025-08-20 07:19:00,9999.994237743991
2025-08-20 07:20:00,9999.994224843991
2025-08-20 07:21:00,9999.994186143991
2025-08-20 07:22:00,9999.994173243991
2025-08-20 07:23:00,9999.994186143991
2025-08-20 07:24:00,9999.994199043991
2025-08-20 07:25:00,9999.993962107532
2025-08-20 07:26:00,9999.994059636918
2025-08-20 07:27:00,9999.994035875334
2025-08-20 07:28:00,9999.994035875334
2025-08-20 07:29:00,9999.994041675334
2025-08-20 07:30:00,9999.993839813216
2025-08-20 07:31:00,9999.993781213216
2025-08-20 07:32:00,9999.993883517596
2025-08-20 07:33:00,9999.99379894139
2025-08-20 07:34:00,9999.993794473843
2025-08-20 07:35:00,9999.99359173412
2025-08-20 07:36:00,9999.993418633001
2025-08-20 07:37:00,9999.993571633702
2025-08-20 07:38:00,9999.993633833701
2025-08-20 07:39:00,9999.993288280692
2025-08-20 07:40:00,9999.993448857267
2025-08-20 07:41:00,9999.993448857267
2025-08-20 07:42:00,9999.993248382163
2025-08-20 07:43:00,9999.993128682163
2025-08-20 07:44:00,9999.993088782163
2025-08-20 07:45:00,9999.992875788941
2025-08-20 07:46:00,9999.993178892515
2025-08-20 07:47:00,9999.993212192516
2025-08-20 07:48:00,9999.993278792515
2025-08-20 07:49:00,9999.993045692516
2025-08-20 07:50:00,9999.993145592516
2025-08-20 07:51:00,9999.993045692516
2025-08-20 07:52:00,9999.993078992515
2025-08-20 07:53:00,9999.992924059468
2025-08-20 07:54:00,9999.993037337645
2025-08-20 07:55:00,9999.993075637645
2025-08-20 07:56:00,9999.992902153463
2025-08-20 07:57:00,9999.992858253463
2025-08-20 07:58:00,9999.992770453464
2025-08-20 07:59:00,9999.992858253463
2025-08-20 08:00:00,9999.992550953462
2025-08-20 08:01:00,9999.992899407835
2025-08-20 08:02:00,9999.992975007834
2025-08-20 08:03:00,9999.993050607834
2025-08-20 08:04:00,9999.993050607834
2025-08-20 08:05:00,9999.993088808535
2025-08-20 08:06:00,9999.99299313217
2025-08-20 08:07:00,9999.99294773217
2025-08-20 08:08:00,9999.99300323497
2025-08-20 08:09:00,9999.99302333497
2025-08-20 08:10:00,9999.99302333497
2025-08-20 08:11:00,9999.99300993497
2025-08-20 08:12:00,9999.99305683497
2025-08-20 08:13:00,9999.993082723671
2025-08-20 08:14:00,9999.99310432367
2025-08-20 08:15:00,9999.993119689847
2025-08-20 08:16:00,9999.993127853024
2025-08-20 08:17:00,9999.993131353023
2025-08-20 08:18:00,9999.992932012643
2025-08-20 08:19:00,9999.992932012643
2025-08-20 08:20:00,9999.993034412642
2025-08-20 08:21:00,9999.99275522489
2025-08-20 08:22:00,9999.993063924889
2025-08-20 08:23:00,9999.992931624889
2025-08-20 08:24:00,9999.99284342489
2025-08-20 08:25:00,9999.992702759384
2025-08-20 08:26:00,9999.992837322561
2025-08-20 08:27:00,9999.993018922562
2025-08-20 08:28:00,9999.993158285377
2025-08-20 08:29:00,9999.993158285377
2025-08-20 08:30:00,9999.993187685377
2025-08-20 08:31:00,9999.993246485377
2025-08-20 08:32:00,9999.993364085378
2025-08-20 08:33:00,9999.993448899964
2025-08-20 08:34:00,9999.993325641803
2025-08-20 08:35:00,9999.993048214441
2025-08-20 08:36:00,9999.993048214441
2025-08-20 08:37:00,9999.99309091444
2025-08-20 08:38:00,9999.99309091444
2025-08-20 08:39:00,9999.992834714441
2025-08-20 08:40:00,9999.992877414441
2025-08-20 08:41:00,9999.993085318842
2025-08-20 08:42:00,9999.993058906262
2025-08-20 08:43:00,9999.993076266439
2025-08-20 08:44:00,9999.993176266438
2025-08-20 08:45:00,9999.993096266438
2025-08-20 08:46:00,9999.993233981259
2025-08-20 08:47:00,9999.993225981258
2025-08-20 08:48:00,9999.993221981258
2025-08-20 08:49:00,9999.993178285626
2025-08-20 08:50:00,9999.99318041433
2025-08-20 08:51:00,9999.993208571508
2025-08-20 08:52:00,9999.993216271509
2025-08-20 08:53:00,9999.993200871508
2025-08-20 08:54:00,9999.993185471507
2025-08-20 08:55:00,9999.993200871508
2025-08-20 08:56:00,9999.993200871508
2025-08-20 08:57:00,9999.9931386525
2025-08-20 08:58:00,9999.993265009678
2025-08-20 08:59:00,9999.993325176501
2025-08-20 09:00:00,9999.993041516856
2025-08-20 09:01:00,9999.992867516858
2025-08-20 09:02:00,9999.992896516856
2025-08-20 09:03:00,9999.992867516858
2025-08-20 09:04:00,9999.992809516856
2025-08-20 09:05:00,9999.992585124364
2025-08-20 09:06:00,9999.992712128766
2025-08-20 09:07:00,9999.992718928765
2025-08-20 09:08:00,9999.992725728765
2025-08-20 09:09:00,9999.992698528766
2025-08-20 09:10:00,9999.992617090144
2025-08-20 09:11:00,9999.992595390144
2025-08-20 09:12:00,9999.992573690144
2025-08-20 09:13:00,9999.992617090144
2025-08-20 09:14:00,9999.992617090144
2025-08-20 09:15:00,9999.992595390144
2025-08-20 09:16:00,9999.992573690144
2025-08-20 09:17:00,9999.992551990143
2025-08-20 09:18:00,9999.992595390144
2025-08-20 09:19:00,9999.992617090144
2025-08-20 09:20:00,9999.992681330848
2025-08-20 09:21:00,9999.992769830847
2025-08-20 09:22:00,9999.992781445435
2025-08-20 09:23:00,9999.992702266576
2025-08-20 09:24:00,9999.992711866576
2025-08-20 09:25:00,9999.992549048042
2025-08-20 09:26:00,9999.992268941702
2025-08-20 09:27:00,9999.992182941702
2025-08-20 09:28:00,9999.992182941702
2025-08-20 09:29:00,9999.992268941702
2025-08-20 09:30:00,9999.992344394406
2025-08-20 09:31:00,9999.992071394407
2025-08-20 09:32:00,9999.992032394406
2025-08-20 09:33:00,9999.992032394406
2025-08-20 09:34:00,9999.991993394406
2025-08-20 09:35:00,9999.9918736139
2025-08-20 09:36:00,9999.991977878602
2025-08-20 09:37:00,9999.992191478603
2025-08-20 09:38:00,9999.992327747186
2025-08-20 09:39:00,9999.992301147186
2025-08-20 09:40:00,9999.992460747186
2025-08-20 09:41:00,9999.992407547186
2025-08-20 09:42:00,9999.992474551587
2025-08-20 09:43:00,9999.99246151141
2025-08-20 09:44:00,9999.99245891141
2025-08-20 09:45:00,9999.992469311412
2025-08-20 09:46:00,9999.992470871588
2025-08-20 09:47:00,9999.992475671588
2025-08-20 09:48:00,9999.992298859243
2025-08-20 09:49:00,9999.992193659242
2025-08-20 09:50:00,9999.992057853882
2025-08-20 09:51:00,9999.99202495388
2025-08-20 09:52:00,9999.991860453882
2025-08-20 09:53:00,9999.991645141605
2025-08-20 09:54:00,9999.991645141605
2025-08-20 09:55:00,9999.991804200416
2025-08-20 09:56:00,9999.991882600416
2025-08-20 09:57:00,9999.991921800416
2025-08-20 09:58:00,9999.991921800416
2025-08-20 09:59:00,9999.991804200416
2025-08-20 10:00:00,9999.991804200416
2025-08-20 10:01:00,9999.991843400416
2025-08-20 10:02:00,9999.991843400416
2025-08-20 10:03:00,9999.991823800416
2025-08-20 10:04:00,9999.991784600415
2025-08-20 10:05:00,9999.991592434353
2025-08-20 10:06:00,9999.991139683842
2025-08-20 10:07:00,9999.991384713227
2025-08-20 10:08:00,9999.991404813227
2025-08-20 10:09:00,9999.991310834184
2025-08-20 10:10:00,9999.991277934183
2025-08-20 10:11:00,9999.991080534184
2025-08-20 10:12:00,9999.991080534184
2025-08-20 10:13:00,9999.991047634183
2025-08-20 10:14:00,9999.991080534184
2025-08-20 10:15:00,9999.991497863568
2025-08-20 10:16:00,9999.991314350107
2025-08-20 10:17:00,9999.991418512924
2025-08-20 10:18:00,9999.991418912923
2025-08-20 10:19:00,9999.991418112924
2025-08-20 10:20:00,9999.99139895222
2025-08-20 10:21:00,9999.991397592925
2025-08-20 10:22:00,9999.991255188525
2025-08-20 10:23:00,9999.991229988525
2025-08-20 10:24:00,9999.991030000772
2025-08-20 10:25:00,9999.991161100772
2025-08-20 10:26:00,9999.991204800772
2025-08-20 10:27:00,9999.990953566188
2025-08-20 10:28:00,9999.991003629366
2025-08-20 10:29:00,9999.991262129366
2025-08-20 10:30:00,9999.991313829365
2025-08-20 10:31:00,9999.990971983258
2025-08-20 10:32:00,9999.991226783257
2025-08-20 10:33:00,9999.990896280578
2025-08-20 10:34:00,9999.990829280578
2025-08-20 10:35:00,9999.991026643755
2025-08-20 10:36:00,9999.990893552602
2025-08-20 10:37:00,9999.991479615777
2025-08-20 10:38:00,9999.991349015778
2025-08-20 10:39:00,9999.991586457363
2025-08-20 10:40:00,9999.991924257363
2025-08-20 10:41:00,9999.991980557363
2025-08-20 10:42:00,9999.99231487195
2025-08-20 10:43:00,9999.992047769269
2025-08-20 10:44:00,9999.992047769269
2025-08-20 10:45:00,9999.992155526445
2025-08-20 10:46:00,9999.992210226445
2025-08-20 10:47:00,9999.992700480856
2025-08-20 10:48:00,9999.992611380856
2025-08-20 10:49:00,9999.992641080857
2025-08-20 10:50:00,9999.992730180857
2025-08-20 10:51:00,9999.992611380856
2025-08-20 10:52:00,9999.992670780855
2025-08-20 10:53:00,9999.992529009942
2025-08-20 10:54:00,9999.99256236412
2025-08-20 10:55:00,9999.99235236412
2025-08-20 10:56:00,9999.99238736412
2025-08-20 10:57:00,9999.99238736412
2025-08-20 10:58:00,9999.99231736412
2025-08-20 10:59:00,9999.99224736412
2025-08-20 11:00:00,9999.99231736412
2025-08-20 11:01:00,9999.99231736412
2025-08-20 11:02:00,9999.99252736412
2025-08-20 11:03:00,9999.99238736412
2025-08-20 11:04:00,9999.99238736412
2025-08-20 11:05:00,9999.99228236412
2025-08-20 11:06:00,9999.992167527544
2025-08-20 11:07:00,9999.99220258472
2025-08-20 11:08:00,9999.99190898472
2025-08-20 11:09:00,9999.99182898428
2025-08-20 11:10:00,9999.99163298428
2025-08-20 11:11:00,9999.99167218428
2025-08-20 11:12:00,9999.99159378428
2025-08-20 11:13:00,9999.99167218428
2025-08-20 11:14:00,9999.991476184281
2025-08-20 11:15:00,9999.99163298428
2025-08-20 11:16:00,9999.99112489921
2025-08-20 11:17:00,9999.991179299212
2025-08-20 11:18:00,9999.99128809921
2025-08-20 11:19:00,9999.991587951914
2025-08-20 11:20:00,9999.991638351916
2025-08-20 11:21:00,9999.991839951916
2025-08-20 11:22:00,9999.991487151914
2025-08-20 11:23:00,9999.991537551914
2025-08-20 11:24:00,9999.991099984625
2025-08-20 11:25:00,9999.991410095437
2025-08-20 11:26:00,9999.991284666216
2025-08-20 11:27:00,9999.991078166217
2025-08-20 11:28:00,9999.990888204964
2025-08-20 11:29:00,9999.990736104965
2025-08-20 11:30:00,9999.990736104965
2025-08-20 11:31:00,9999.989780678388
2025-08-20 11:32:00,9999.988335425578
2025-08-20 11:33:00,9999.989087404954
2025-08-20 11:34:00,9999.988987292087
2025-08-20 11:35:00,9999.988888492087
2025-08-20 11:36:00,9999.989022192787
2025-08-20 11:37:00,9999.988700080201
2025-08-20 11:38:00,9999.9886082802
2025-08-20 11:39:00,9999.988318973632
2025-08-20 11:40:00,9999.988222973632
2025-08-20 11:41:00,9999.988174973632
2025-08-20 11:42:00,9999.987702463512
2025-08-20 11:43:00,9999.986502953838
2025-08-20 11:44:00,9999.986897348625
2025-08-20 11:45:00,9999.986267938397
2025-08-20 11:46:00,9999.986697738397
2025-08-20 11:47:00,9999.986990287092
2025-08-20 11:48:00,9999.986990287092
2025-08-20 11:49:00,9999.987797891452
2025-08-20 11:50:00,9999.988083145823
2025-08-20 11:51:00,9999.988094246524
2025-08-20 11:52:00,9999.9881188187
2025-08-20 11:53:00,9999.988125990874
2025-08-20 11:54:00,9999.987972974948
2025-08-20 11:55:00,9999.988025174947
2025-08-20 11:56:00,9999.988173363648
2025-08-20 11:57:00,9999.988217563649
2025-08-20 11:58:00,9999.98841414035
2025-08-20 11:59:00,9999.988532206527
2025-08-20 12:00:00,9999.98865039634
2025-08-20 12:01:00,9999.988660550518
2025-08-20 12:02:00,9999.988601263693
2025-08-20 12:03:00,9999.988488563693
2025-08-20 12:04:00,9999.988408063693
2025-08-20 12:05:00,9999.988267241211
2025-08-20 12:06:00,9999.988020431947
2025-08-20 12:07:00,9999.988180031947
2025-08-20 12:08:00,9999.988126831946
2025-08-20 12:09:00,9999.988206631946
2025-08-20 12:10:00,9999.988206631946
2025-08-20 12:11:00,9999.987889541886
2025-08-20 12:12:00,9999.987565065661
2025-08-20 12:13:00,9999.987511265663
2025-08-20 12:14:00,9999.987658118365
2025-08-20 12:15:00,9999.98755669978
2025-08-20 12:16:00,9999.988135207179
2025-08-20 12:17:00,9999.987766163924
2025-08-20 12:18:00,9999.987509979743
2025-08-20 12:19:00,9999.987278379742
2025-08-20 12:20:00,9999.986766520899
2025-08-20 12:21:00,9999.986424520897
2025-08-20 12:22:00,9999.986287720898
2025-08-20 12:23:00,9999.986081131545
2025-08-20 12:24:00,9999.98648670072
2025-08-20 12:25:00,9999.986622100721
2025-08-20 12:26:00,9999.9870452963
2025-08-20 12:27:00,9999.98667224985
2025-08-20 12:28:00,9999.98636024985
2025-08-20 12:29:00,9999.98667224985
2025-08-20 12:30:00,9999.987414941244
2025-08-20 12:31:00,9999.987414941244
2025-08-20 12:32:00,9999.986744446303
2025-08-20 12:33:00,9999.986951305114
2025-08-20 12:34:00,9999.987099305114
2025-08-20 12:35:00,9999.987099305114
2025-08-20 12:36:00,9999.986555885138
2025-08-20 12:37:00,9999.987112639528
2025-08-20 12:38:00,9999.987054493504
2025-08-20 12:39:00,9999.987025993505
2025-08-20 12:40:00,9999.987262009905
2025-08-20 12:41:00,9999.987266870081
2025-08-20 12:42:00,9999.987269370082
2025-08-20 12:43:00,9999.98727187008
2025-08-20 12:44:00,9999.987269370082
2025-08-20 12:45:00,9999.987060449788
2025-08-20 12:46:00,9999.987114249787
2025-08-20 12:47:00,9999.98687768947
2025-08-20 12:48:00,9999.98696808947
2025-08-20 12:49:00,9999.987058489469
2025-08-20 12:50:00,9999.98719408947
2025-08-20 12:51:00,9999.986548587598
2025-08-20 12:52:00,9999.986172402037
2025-08-20 12:53:00,9999.986492268214
2025-08-20 12:54:00,9999.986813768213
2025-08-20 12:55:00,9999.98687543139
2025-08-20 12:56:00,9999.98738183139
2025-08-20 12:57:00,9999.98700203139
2025-08-20 12:58:00,9999.98700203139
2025-08-20 12:59:00,9999.986871475627
2025-08-20 13:00:00,9999.986677075627
2025-08-20 13:01:00,9999.986677075627
2025-08-20 13:02:00,9999.985535568047
2025-08-20 13:03:00,9999.985609368046
2025-08-20 13:04:00,9999.985535568047
2025-08-20 13:05:00,9999.985314168045
2025-08-20 13:06:00,9999.985604737221
2025-08-20 13:07:00,9999.985458347868
2025-08-20 13:08:00,9999.984946647868
2025-08-20 13:09:00,9999.984724456877
2025-08-20 13:10:00,9999.984056656876
2025-08-20 13:11:00,9999.983460169324
2025-08-20 13:12:00,9999.983158184932
2025-08-20 13:13:00,9999.982855784932
2025-08-20 13:14:00,9999.982704584932
2025-08-20 13:15:00,9999.982475427676
2025-08-20 13:16:00,9999.982934427677
2025-08-20 13:17:00,9999.98335183125
2025-08-20 13:18:00,9999.983953710625
2025-08-20 13:19:00,9999.983717159716
2025-08-20 13:20:00,9999.984151660416
2025-08-20 13:21:00,9999.984228549116
2025-08-20 13:22:00,9999.984069749116
2025-08-20 13:23:00,9999.983737471493
2025-08-20 13:24:00,9999.98384324667
2025-08-20 13:25:00,9999.983788234082
2025-08-20 13:26:00,9999.983842434081
2025-08-20 13:27:00,9999.983786921495
2025-08-20 13:28:00,9999.984169821495
2025-08-20 13:29:00,9999.984355971072
2025-08-20 13:30:00,9999.98268802971
2025-08-20 13:31:00,9999.98315528408
2025-08-20 13:32:00,9999.982415167698
2025-08-20 13:33:00,9999.982781697065
2025-08-20 13:34:00,9999.982730297064
2025-08-20 13:35:00,9999.982755997065
2025-08-20 13:36:00,9999.982912851436
2025-08-20 13:37:00,9999.982917051435
2025-08-20 13:38:00,9999.982917751437
2025-08-20 13:39:00,9999.982394997873
2025-08-20 13:40:00,9999.98202358764
2025-08-20 13:41:00,9999.98197948764
2025-08-20 13:42:00,9999.98244594201
2025-08-20 13:43:00,9999.981884213477
2025-08-20 13:44:00,9999.981055763943
2025-08-20 13:45:00,9999.97817920674
2025-08-20 13:46:00,9999.978047406741
2025-08-20 13:47:00,9999.97757230322
2025-08-20 13:48:00,9999.97805460322
2025-08-20 13:49:00,9999.978735999395
2025-08-20 13:50:00,9999.977541889106
2025-08-20 13:51:00,9999.976069215369
2025-08-20 13:52:00,9999.977006638072
2025-08-20 13:53:00,9999.976575238072
2025-08-20 13:54:00,9999.977294238071
2025-08-20 13:55:00,9999.978331303633
2025-08-20 13:56:00,9999.977828103634
2025-08-20 13:57:00,9999.978835135978
2025-08-20 13:58:00,9999.978494035977
2025-08-20 13:59:00,9999.978109273474
2025-08-20 14:00:00,9999.978539612253
2025-08-20 14:01:00,9999.978449612252
2025-08-20 14:02:00,9999.978539612253
2025-08-20 14:03:00,9999.978711867036
2025-08-20 14:04:00,9999.978363808785
2025-08-20 14:05:00,9999.976685435746
2025-08-20 14:06:00,9999.976354335746
2025-08-20 14:07:00,9999.976826665072
2025-08-20 14:08:00,9999.975872518715
2025-08-20 14:09:00,9999.976122718715
2025-08-20 14:10:00,9999.975399875711
2025-08-20 14:11:00,9999.975790955028
2025-08-20 14:12:00,9999.975975759347
2025-08-20 14:13:00,9999.97602178304
2025-08-20 14:14:00,9999.97603718304
2025-08-20 14:15:00,9999.975874260817
2025-08-20 14:16:00,9999.974832424054
2025-08-20 14:17:00,9999.97564430337
2025-08-20 14:18:00,9999.97570400337
2025-08-20 14:19:00,9999.975925893143
2025-08-20 14:20:00,9999.975941493143
2025-08-20 14:21:00,9999.975964086318
2025-08-20 14:22:00,9999.975972786318
2025-08-20 14:23:00,9999.975986376492
2025-08-20 14:24:00,9999.975984476492
2025-08-20 14:25:00,9999.975976876492
2025-08-20 14:26:00,9999.975970466317
2025-08-20 14:27:00,9999.976019653493
2025-08-20 14:28:00,9999.976037634668
2025-08-20 14:29:00,9999.976034034667
2025-08-20 14:30:00,9999.976049334668
2025-08-20 14:31:00,9999.976073634667
2025-08-20 14:32:00,9999.976073634667
2025-08-20 14:33:00,9999.976084434667
2025-08-20 14:34:00,9999.976080834667
2025-08-20 14:35:00,9999.976072734667
2025-08-20 14:36:00,9999.976069134667
2025-08-20 14:37:00,9999.976066434669
2025-08-20 14:38:00,9999.976087134668
2025-08-20 14:39:00,9999.976080834667
2025-08-20 14:40:00,9999.976057500493
2025-08-20 14:41:00,9999.976068900492
2025-08-20 14:42:00,9999.976063200493
2025-08-20 14:43:00,9999.976059400493
2025-08-20 14:44:00,9999.976067000493
2025-08-20 14:45:00,9999.976082766669
2025-08-20 14:46:00,9999.975812427114
2025-08-20 14:47:00,9999.975913381504
2025-08-20 14:48:00,9999.975908481505
2025-08-20 14:49:00,9999.975915481506
2025-08-20 14:50:00,9999.975918981505
2025-08-20 14:51:00,9999.975721041124
2025-08-20 14:52:00,9999.975323753371
2025-08-20 14:53:00,9999.975008274912
2025-08-20 14:54:00,9999.975292141089
2025-08-20 14:55:00,9999.97468833122
2025-08-20 14:56:00,9999.97493193122
2025-08-20 14:57:00,9999.97481013122
2025-08-20 14:58:00,9999.975289526801
2025-08-20 14:59:00,9999.974678916693
2025-08-20 15:00:00,9999.975195775503
2025-08-20 15:01:00,9999.975438054898
2025-08-20 15:02:00,9999.975054253917
2025-08-20 15:03:00,9999.975363433312
2025-08-20 15:04:00,9999.975394674017
2025-08-20 15:05:00,9999.975434002723
2025-08-20 15:06:00,9999.9754710569
2025-08-20 15:07:00,9999.975370448135
2025-08-20 15:08:00,9999.975370448135
2025-08-20 15:09:00,9999.975418796314
2025-08-20 15:10:00,9999.97523687457
2025-08-20 15:11:00,9999.97521107457
2025-08-20 15:12:00,9999.975329378993
2025-08-20 15:13:00,9999.975326178992
2025-08-20 15:14:00,9999.975329378993
2025-08-20 15:15:00,9999.975342178992
2025-08-20 15:16:00,9999.975346178993
2025-08-20 15:17:00,9999.975345378993
2025-08-20 15:18:00,9999.975342978993
2025-08-20 15:19:00,9999.975344578992
2025-08-20 15:20:00,9999.975350178993
2025-08-20 15:21:00,9999.975360578992
2025-08-20 15:22:00,9999.97523151857
2025-08-20 15:23:00,9999.975273097409
2025-08-20 15:24:00,9999.97528009741
2025-08-20 15:25:00,9999.975114847386
2025-08-20 15:26:00,9999.975140447386
2025-08-20 15:27:00,9999.974986847386
2025-08-20 15:28:00,9999.975063647385
2025-08-20 15:29:00,9999.974860815604
2025-08-20 15:30:00,9999.974640315604
2025-08-20 15:31:00,9999.974832495036
2025-08-20 15:32:00,9999.974947095036
2025-08-20 15:33:00,9999.974583339248
2025-08-20 15:34:00,9999.974701239249
2025-08-20 15:35:00,9999.974465439249
2025-08-20 15:36:00,9999.974426139248
2025-08-20 15:37:00,9999.974544039249
2025-08-20 15:38:00,9999.974661939248
2025-08-20 15:39:00,9999.97414420077
2025-08-20 15:40:00,9999.97428348037
2025-08-20 15:41:00,9999.974374280368
2025-08-20 15:42:00,9999.974374280368
2025-08-20 15:43:00,9999.97371372918
2025-08-20 15:44:00,9999.973242529179
2025-08-20 15:45:00,9999.97359592918
2025-08-20 15:46:00,9999.972671911759
2025-08-20 15:47:00,9999.972741111758
2025-08-20 15:48:00,9999.971881958983
2025-08-20 15:49:00,9999.97173736513
2025-08-20 15:50:00,9999.971953965129
2025-08-20 15:51:00,9999.97180956513
2025-08-20 15:52:00,9999.97130416513
2025-08-20 15:53:00,9999.969538240413
2025-08-20 15:54:00,9999.970400544815
2025-08-20 15:55:00,9999.97074637422
2025-08-20 15:56:00,9999.970258324203
2025-08-20 15:57:00,9999.970679524202
2025-08-20 15:58:00,9999.970539124202
2025-08-20 15:59:00,9999.970632724202
2025-08-20 16:00:00,9999.97110095291
2025-08-20 16:01:00,9999.971266507086
2025-08-20 16:02:00,9999.971761686502
2025-08-20 16:03:00,9999.971455321225
2025-08-20 16:04:00,9999.971267321225
2025-08-20 16:05:00,9999.97115173172
2025-08-20 16:06:00,9999.971422736427
2025-08-20 16:07:00,9999.97112312501
2025-08-20 16:08:00,9999.971171176188
2025-08-20 16:09:00,9999.971320276187
2025-08-20 16:10:00,9999.97175008061
2025-08-20 16:11:00,9999.97172538061
2025-08-20 16:12:00,9999.971420389249
2025-08-20 16:13:00,9999.971666422842
2025-08-20 16:14:00,9999.971805222842
2025-08-20 16:15:00,9999.972048203552
2025-08-20 16:16:00,9999.972078903553
2025-08-20 16:17:00,9999.972384209987
2025-08-20 16:18:00,9999.97230285253
2025-08-20 16:19:00,9999.972347078126
2025-08-20 16:20:00,9999.972349478126
2025-08-20 16:21:00,9999.972350278125
2025-08-20 16:22:00,9999.97210419868
2025-08-20 16:23:00,9999.972215328122
2025-08-20 16:24:00,9999.972216128122
2025-08-20 16:25:00,9999.972216528122
2025-08-20 16:26:00,9999.972217728122
2025-08-20 16:27:00,9999.972215728123
2025-08-20 16:28:00,9999.972217328122
2025-08-20 16:29:00,9999.972221328122
2025-08-20 16:30:00,9999.971822373676
2025-08-20 16:31:00,9999.971923772275
2025-08-20 16:32:00,9999.97166003209
2025-08-20 16:33:00,9999.971570632091
2025-08-20 16:34:00,9999.97163023209
2025-08-20 16:35:00,9999.971379647772
2025-08-20 16:36:00,9999.970286868935
2025-08-20 16:37:00,9999.970668523369
2025-08-20 16:38:00,9999.970484644542
2025-08-20 16:39:00,9999.970484644542
2025-08-20 16:40:00,9999.969878199654
2025-08-20 16:41:00,9999.969173182233
2025-08-20 16:42:00,9999.968965882234
2025-08-20 16:43:00,9999.968827682234
2025-08-20 16:44:00,9999.969104082234
2025-08-20 16:45:00,9999.969356615828
2025-08-20 16:46:00,9999.969416715827
2025-08-20 16:47:00,9999.969597015826
2025-08-20 16:48:00,9999.969536915827
2025-08-20 16:49:00,9999.969657115827
2025-08-20 16:50:00,9999.970332218258
2025-08-20 16:51:00,9999.970226918258
2025-08-20 16:52:00,9999.969938735425
2025-08-20 16:53:00,9999.969989835425
2025-08-20 16:54:00,9999.969885807835
2025-08-20 16:55:00,9999.969325251277
2025-08-20 16:56:00,9999.969197651279
2025-08-20 16:57:00,9999.969133851278
2025-08-20 16:58:00,9999.969197651279
2025-08-20 16:59:00,9999.969498043987
2025-08-20 17:00:00,9999.969190000504
2025-08-20 17:01:00,9999.969822793213
2025-08-20 17:02:00,9999.970437559645
2025-08-20 17:03:00,9999.97027089892
2025-08-20 17:04:00,9999.970463373758
2025-08-20 17:05:00,9999.970412073759
2025-08-20 17:06:00,9999.970325685817
2025-08-20 17:07:00,9999.970295385818
2025-08-20 17:08:00,9999.970528127995
2025-08-20 17:09:00,9999.970469527994
2025-08-20 17:10:00,9999.970381627994
2025-08-20 17:11:00,9999.970498827995
2025-08-20 17:12:00,9999.970229344075
2025-08-20 17:13:00,9999.969994844076
2025-08-20 17:14:00,9999.969618475072
2025-08-20 17:15:00,9999.970039181668
2025-08-20 17:16:00,9999.970243056505
2025-08-20 17:17:00,9999.969803782506
2025-08-20 17:18:00,9999.970307936941
2025-08-20 17:19:00,9999.97028503694
2025-08-20 17:20:00,9999.970409663776
2025-08-20 17:21:00,9999.97037171742
2025-08-20 17:22:00,9999.97029751742
2025-08-20 17:23:00,9999.969953430656
2025-08-20 17:24:00,9999.969887430656
2025-08-20 17:25:00,9999.969551587144
2025-08-20 17:26:00,9999.969595387145
2025-08-20 17:27:00,9999.969376387146
2025-08-20 17:28:00,9999.969639187146
2025-08-20 17:29:00,9999.969420187144
2025-08-20 17:30:00,9999.969507787146
2025-08-20 17:31:00,9999.969682987145
2025-08-20 17:32:00,9999.969980935322
2025-08-20 17:33:00,9999.970066535323
2025-08-20 17:34:00,9999.970180316031
2025-08-20 17:35:00,9999.970451916031
2025-08-20 17:36:00,9999.970374316032
2025-08-20 17:37:00,9999.970335516033
2025-08-20 17:38:00,9999.969992691826
2025-08-20 17:39:00,9999.970290672536
2025-08-20 17:40:00,9999.970390872535
2025-08-20 17:41:00,9999.970753347374
2025-08-20 17:42:00,9999.97090147421
2025-08-20 17:43:00,9999.971010074209
2025-08-20 17:44:00,9999.97115381705
2025-08-20 17:45:00,9999.971165844228
2025-08-20 17:46:00,9999.970717687835
2025-08-20 17:47:00,9999.97038070055
2025-08-20 17:48:00,9999.97029210055
2025-08-20 17:49:00,9999.970336400549
2025-08-20 17:50:00,9999.969858444067
2025-08-20 17:51:00,9999.970402800775
2025-08-20 17:52:00,9999.97067762637
2025-08-20 17:53:00,9999.97081352637
2025-08-20 17:54:00,9999.970270559972
2025-08-20 17:55:00,9999.969613949845
2025-08-20 17:56:00,9999.970106802439
2025-08-20 17:57:00,9999.970046702438
2025-08-20 17:58:00,9999.970166902438
2025-08-20 17:59:00,9999.970166902438
2025-08-20 18:00:00,9999.969649870904
2025-08-20 18:01:00,9999.968788308033
2025-08-20 18:02:00,9999.967525756283
2025-08-20 18:03:00,9999.966550156283
2025-08-20 18:04:00,9999.966622155287
2025-08-20 18:05:00,9999.966622155287
2025-08-20 18:06:00,9999.965568902819
2025-08-20 18:07:00,9999.965254902818
2025-08-20 18:08:00,9999.965882902818
2025-08-20 18:09:00,9999.965647402818
2025-08-20 18:10:00,9999.966800694234
2025-08-20 18:11:00,9999.96600403247
2025-08-20 18:12:00,9999.965873632469
2025-08-20 18:13:00,9999.96600403247
2025-08-20 18:14:00,9999.965173665472
2025-08-20 18:15:00,9999.963540147512
2025-08-20 18:16:00,9999.964524374445
2025-08-20 18:17:00,9999.964946174447
2025-08-20 18:18:00,9999.963967473126
2025-08-20 18:19:00,9999.963811873127
2025-08-20 18:20:00,9999.963889673127
2025-08-20 18:21:00,9999.963811873127
2025-08-20 18:22:00,9999.963187745692
2025-08-20 18:23:00,9999.963589825087
2025-08-20 18:24:00,9999.963377825086
2025-08-20 18:25:00,9999.963165825087
2025-08-20 18:26:00,9999.963523904482
2025-08-20 18:27:00,9999.963271904482
2025-08-20 18:28:00,9999.963271904482
2025-08-20 18:29:00,9999.963411904482
2025-08-20 18:30:00,9999.963481715295
2025-08-20 18:31:00,9999.963389041837
2025-08-20 18:32:00,9999.963313463379
2025-08-20 18:33:00,9999.963506545773
2025-08-20 18:34:00,9999.96351110895
2025-08-20 18:35:00,9999.963335706989
2025-08-20 18:36:00,9999.963378886383
2025-08-20 18:37:00,9999.963376086384
2025-08-20 18:38:00,9999.963381686384
2025-08-20 18:39:00,9999.963385186384
2025-08-20 18:40:00,9999.963387286383
2025-08-20 18:41:00,9999.963387286383
2025-08-20 18:42:00,9999.963395686384
2025-08-20 18:43:00,9999.963400586385
2025-08-20 18:44:00,9999.963386037207
2025-08-20 18:45:00,9999.963389437207
2025-08-20 18:46:00,9999.963392837208
2025-08-20 18:47:00,9999.963400888384
2025-08-20 18:48:00,9999.963398088385
2025-08-20 18:49:00,9999.963397388385
2025-08-20 18:50:00,9999.963252523887
2025-08-20 18:51:00,9999.963334942715
2025-08-20 18:52:00,9999.963315742714
2025-08-20 18:53:00,9999.963334942715
2025-08-20 18:54:00,9999.963360876307
2025-08-20 18:55:00,9999.963360876307
2025-08-20 18:56:00,9999.963242037105
2025-08-20 18:57:00,9999.963165537105
2025-08-20 18:58:00,9999.963114537106
2025-08-20 18:59:00,9999.963089037106
2025-08-20 19:00:00,9999.963165537105
2025-08-20 19:01:00,9999.963231241529
2025-08-20 19:02:00,9999.963227741528
2025-08-20 19:03:00,9999.963231741527
2025-08-20 19:04:00,9999.963221586351
2025-08-20 19:05:00,9999.963228431528
2025-08-20 19:06:00,9999.963058052102
2025-08-20 19:07:00,9999.963058052102
2025-08-20 19:08:00,9999.963083552102
2025-08-20 19:09:00,9999.963007052103
2025-08-20 19:10:00,9999.963096181531
2025-08-20 19:11:00,9999.96310418153
2025-08-20 19:12:00,9999.96310418153
2025-08-20 19:13:00,9999.96306153682
2025-08-20 19:14:00,9999.963075036821
2025-08-20 19:15:00,9999.963082893528
2025-08-20 19:16:00,9999.963035748819
2025-08-20 19:17:00,9999.963061105527
2025-08-20 19:18:00,9999.963063105526
2025-08-20 19:19:00,9999.963065105527
2025-08-20 19:20:00,9999.963063105526
2025-08-20 19:21:00,9999.963069105526
2025-08-20 19:22:00,9999.963073105526
2025-08-20 19:23:00,9999.963074605526
2025-08-20 19:24:00,9999.963076105527
2025-08-20 19:25:00,9999.963062935349
2025-08-20 19:26:00,9999.962895193938
2025-08-20 19:27:00,9999.962981693938
2025-08-20 19:28:00,9999.962947093938
2025-08-20 19:29:00,9999.962974924782
2025-08-20 19:30:00,9999.962925856069
2025-08-20 19:31:00,9999.962957488779
2025-08-20 19:32:00,9999.96295358878
2025-08-20 19:33:00,9999.962954888779
2025-08-20 19:34:00,9999.962897950896
2025-08-20 19:35:00,9999.962906949495
2025-08-20 19:36:00,9999.96287071161
2025-08-20 19:37:00,9999.962830311611
2025-08-20 19:38:00,9999.962830311611
2025-08-20 19:39:00,9999.96280001161
2025-08-20 19:40:00,9999.96281011161
2025-08-20 19:41:00,9999.962741447453
2025-08-20 19:42:00,9999.96278578363
2025-08-20 19:43:00,9999.96287978363
2025-08-20 19:44:00,9999.962938614473
2025-08-20 19:45:00,9999.962938614473
2025-08-20 19:46:00,9999.962921245913
2025-08-20 19:47:00,9999.962906745453
2025-08-20 19:48:00,9999.962940578163
2025-08-20 19:49:00,9999.962994898873
2025-08-20 19:50:00,9999.962998998873
2025-08-20 19:51:00,9999.962986698873
2025-08-20 19:52:00,9999.962994898873
2025-08-20 19:53:00,9999.963009207584
2025-08-20 19:54:00,9999.963009307585
2025-08-20 19:55:00,9999.963009107585
2025-08-20 19:56:00,9999.963009407586
2025-08-20 19:57:00,9999.963009607585
2025-08-20 19:58:00,9999.963010007585
2025-08-20 19:59:00,9999.962967521977
2025-08-20 20:00:00,9999.962834040833
2025-08-20 20:01:00,9999.962611440833
2025-08-20 20:02:00,9999.962643240833
2025-08-20 20:03:00,9999.962787620287
2025-08-20 20:04:00,9999.962597189933
2025-08-20 20:05:00,9999.962707424782
2025-08-20 20:06:00,9999.962592605096
2025-08-20 20:07:00,9999.962475805096
2025-08-20 20:08:00,9999.96256338455
2025-08-20 20:09:00,9999.96257598455
2025-08-20 20:10:00,9999.962490828273
2025-08-20 20:11:00,9999.962321628273
2025-08-20 20:12:00,9999.962349828273
2025-08-20 20:13:00,9999.962265228274
2025-08-20 20:14:00,9999.962265228274
2025-08-20 20:15:00,9999.962169984756
2025-08-20 20:16:00,9999.962318814933
2025-08-20 20:17:00,9999.962288714933
2025-08-20 20:18:00,9999.96196319281
2025-08-20 20:19:00,9999.96196319281
2025-08-20 20:20:00,9999.96196319281
2025-08-20 20:21:00,9999.961743787599
2025-08-20 20:22:00,9999.961924520776
2025-08-20 20:23:00,9999.961970120776
2025-08-20 20:24:00,9999.962152520775
2025-08-20 20:25:00,9999.962015720776
2025-08-20 20:26:00,9999.962218175224
2025-08-20 20:27:00,9999.962129949941
2025-08-20 20:28:00,9999.962155080118
2025-08-20 20:29:00,9999.962235480118
2025-08-20 20:30:00,9999.962396280118
2025-08-20 20:31:00,9999.962315880117
2025-08-20 20:32:00,9999.96210621586
2025-08-20 20:33:00,9999.961835615859
2025-08-20 20:34:00,9999.96174541586
2025-08-20 20:35:00,9999.961602414785
2025-08-20 20:36:00,9999.961693147963
2025-08-20 20:37:00,9999.961970347964
2025-08-20 20:38:00,9999.961693147963
2025-08-20 20:39:00,9999.961552214374
2025-08-20 20:40:00,9999.961933847084
2025-08-20 20:41:00,9999.961805747083
2025-08-20 20:42:00,9999.961976547083
2025-08-20 20:43:00,9999.962089967794
2025-08-20 20:44:00,9999.961931765687
2025-08-20 20:45:00,9999.962010365687
2025-08-20 20:46:00,9999.961931765687
2025-08-20 20:47:00,9999.962010365687
2025-08-20 20:48:00,9999.961774565687
2025-08-20 20:49:00,9999.961597562926
2025-08-20 20:50:00,9999.961770696103
2025-08-20 20:51:00,9999.961770696103
2025-08-20 20:52:00,9999.961945496103
2025-08-20 20:53:00,9999.962375502555
2025-08-20 20:54:00,9999.962151148384
2025-08-20 20:55:00,9999.962095970832
2025-08-20 20:56:00,9999.96216630101
2025-08-20 20:57:00,9999.962190301008
2025-08-20 20:58:00,9999.961940924837
2025-08-20 20:59:00,9999.961977124836
2025-08-20 21:00:00,9999.962224896437
2025-08-20 21:01:00,9999.962013099197
2025-08-20 21:02:00,9999.962285499196
2025-08-20 21:03:00,9999.961918151794
2025-08-20 21:04:00,9999.961741451792
2025-08-20 21:05:00,9999.961800351793
2025-08-20 21:06:00,9999.961918151794
2025-08-20 21:07:00,9999.96220598197
2025-08-20 21:08:00,9999.962263881971
2025-08-20 21:09:00,9999.962437581971
2025-08-20 21:10:00,9999.96232178197
2025-08-20 21:11:00,9999.962529326573
2025-08-20 21:12:00,9999.962529326573
2025-08-20 21:13:00,9999.962431526574
2025-08-20 21:14:00,9999.962480426573
2025-08-20 21:15:00,9999.962235926572
2025-08-20 21:16:00,9999.961675831113
2025-08-20 21:17:00,9999.960889195836
2025-08-20 21:18:00,9999.961010995836
2025-08-20 21:19:00,9999.960386533152
2025-08-20 21:20:00,9999.96075743759
2025-08-20 21:21:00,9999.96101993759
2025-08-20 21:22:00,9999.96098243759
2025-08-20 21:23:00,9999.96108976843
2025-08-20 21:24:00,9999.96104303469
2025-08-20 21:25:00,9999.960687849643
2025-08-20 21:26:00,9999.96088707524
2025-08-20 21:27:00,9999.960733923757
2025-08-20 21:28:00,9999.960695123757
2025-08-20 21:29:00,9999.960796868465
2025-08-20 21:30:00,9999.960831668466
2025-08-20 21:31:00,9999.960901268465
2025-08-20 21:32:00,9999.960461428183
2025-08-20 21:33:00,9999.960667232619
2025-08-20 21:34:00,9999.960622701277
2025-08-20 21:35:00,9999.960738726873
2025-08-20 21:36:00,9999.960726526873
2025-08-20 21:37:00,9999.960582781383
2025-08-20 21:38:00,9999.960685081383
2025-08-20 21:39:00,9999.960920810825
2025-08-20 21:40:00,9999.960924682426
2025-08-20 21:41:00,9999.960924782425
2025-08-20 21:42:00,9999.960925182426
2025-08-20 21:43:00,9999.960925582425
2025-08-20 21:44:00,9999.960925582425
2025-08-20 21:45:00,9999.96085825297
2025-08-20 21:46:00,9999.96085825297
2025-08-20 21:47:00,9999.96078295297
2025-08-20 21:48:00,9999.960882497573
2025-08-20 21:49:00,9999.960882497573
2025-08-20 21:50:00,9999.960882497573
2025-08-20 21:51:00,9999.960930797573
2025-08-20 21:52:00,9999.960952584426
2025-08-20 21:53:00,9999.960953184427
2025-08-20 21:54:00,9999.960952584426
2025-08-20 21:55:00,9999.960952484427
2025-08-20 21:56:00,9999.960952684427
2025-08-20 21:57:00,9999.960952684427
2025-08-20 21:58:00,9999.960952484427
2025-08-20 21:59:00,9999.960904779711
2025-08-20 22:00:00,9999.960931176423
2025-08-20 22:01:00,9999.960888690815
2025-08-20 22:02:00,9999.96088280842
2025-08-20 22:03:00,9999.960871332241
2025-08-20 22:04:00,9999.96087023224
2025-08-20 22:05:00,9999.960832939529
2025-08-20 22:06:00,9999.960817639529
2025-08-20 22:07:00,9999.960822739527
2025-08-20 22:08:00,9999.960848239529
2025-08-20 22:09:00,9999.960817639529
2025-08-20 22:10:00,9999.96084774824
2025-08-20 22:11:00,9999.960760791846
2025-08-20 22:12:00,9999.960786591846
2025-08-20 22:13:00,9999.960863991846
2025-08-20 22:14:00,9999.960941391846
2025-08-20 22:15:00,9999.960889791846
2025-08-20 22:16:00,9999.960915591846
2025-08-20 22:17:00,9999.960838191846
2025-08-20 22:18:00,9999.96071076867
2025-08-20 22:19:00,9999.960960298848
2025-08-20 22:20:00,9999.960960298848
2025-08-20 22:21:00,9999.96114244345
2025-08-20 22:22:00,9999.96109764345
2025-08-20 22:23:00,9999.96105284345
2025-08-20 22:24:00,9999.96114244345
2025-08-20 22:25:00,9999.96109764345
2025-08-20 22:26:00,9999.96107524345
2025-08-20 22:27:00,9999.96109764345
2025-08-20 22:28:00,9999.96109764345
2025-08-20 22:29:00,9999.96116484345
2025-08-20 22:30:00,9999.96109764345
2025-08-20 22:31:00,9999.96109764345
2025-08-20 22:32:00,9999.96118724345
2025-08-20 22:33:00,9999.96123204345
2025-08-20 22:34:00,9999.96109764345
2025-08-20 22:35:00,9999.96082329604
2025-08-20 22:36:00,9999.96075369604
2025-08-20 22:37:00,9999.960930475494
2025-08-20 22:38:00,9999.960925396812
2025-08-20 22:39:00,9999.96092031813
2025-08-20 22:40:00,9999.960952045307
2025-08-20 22:41:00,9999.96100674202
2025-08-20 22:42:00,9999.96085172887
2025-08-20 22:43:00,9999.960831728871
2025-08-20 22:44:00,9999.960891728872
2025-08-20 22:45:00,9999.960936915724
2025-08-20 22:46:00,9999.960928915725
2025-08-20 22:47:00,9999.960946236903
2025-08-20 22:48:00,9999.960940878902
2025-08-20 22:49:00,9999.960934199724
2025-08-20 22:50:00,9999.960926199723
2025-08-20 22:51:00,9999.960902199724
2025-08-20 22:52:00,9999.960918199724
2025-08-20 22:53:00,9999.960930199724
2025-08-20 22:54:00,9999.9609385209
2025-08-20 22:55:00,9999.960925072104
2025-08-20 22:56:00,9999.960940093282
2025-08-20 22:57:00,9999.960940093282
2025-08-20 22:58:00,9999.960928293283
2025-08-20 22:59:00,9999.96090288032
2025-08-20 23:00:00,9999.96083568032
2025-08-20 23:01:00,9999.960826080322
2025-08-20 23:02:00,9999.960826080322
2025-08-20 23:03:00,9999.96079364608
2025-08-20 23:04:00,9999.960754046078
2025-08-20 23:05:00,9999.960616838112
2025-08-20 23:06:00,9999.960651738113
2025-08-20 23:07:00,9999.960651738113
2025-08-20 23:08:00,9999.960826238112
2025-08-20 23:09:00,9999.960923024966
2025-08-20 23:10:00,9999.960802684021
2025-08-20 23:11:00,9999.960763284022
2025-08-20 23:12:00,9999.960623937139
2025-08-20 23:13:00,9999.960570137138
2025-08-20 23:14:00,9999.960570137138
2025-08-20 23:15:00,9999.960516337138
2025-08-20 23:16:00,9999.960516337138
2025-08-20 23:17:00,9999.960597037138
2025-08-20 23:18:00,9999.960597037138
2025-08-20 23:19:00,9999.960462537138
2025-08-20 23:20:00,9999.960378568014
2025-08-20 23:21:00,9999.960323368014
2025-08-20 23:22:00,9999.960295768013
2025-08-20 23:23:00,9999.960377422462
2025-08-20 23:24:00,9999.96036962246
2025-08-20 23:25:00,9999.960377422462
2025-08-20 23:26:00,9999.96036962246
2025-08-20 23:27:00,9999.96036962246
2025-08-20 23:28:00,9999.960356608766
2025-08-20 23:29:00,9999.960324605607
2025-08-20 23:30:00,9999.960317205607
2025-08-20 23:31:00,9999.960309805607
2025-08-20 23:32:00,9999.960324605607
2025-08-20 23:33:00,9999.960317205607
2025-08-20 23:34:00,9999.960332005607
2025-08-20 23:35:00,9999.960346926317
2025-08-20 23:36:00,9999.960350326317
2025-08-20 23:37:00,9999.960367326317
2025-08-20 23:38:00,9999.960363926317
2025-08-20 23:39:00,9999.960363926317
2025-08-20 23:40:00,9999.960389253494
2025-08-20 23:41:00,9999.960382053494
2025-08-20 23:42:00,9999.960386853494
2025-08-20 23:43:00,9999.960384453494
2025-08-20 23:44:00,9999.960391653494
2025-08-20 23:45:00,9999.960377253494
2025-08-20 23:46:00,9999.9603644281
2025-08-20 23:47:00,9999.960377655278
2025-08-20 23:48:00,9999.960240457604
2025-08-20 23:49:00,9999.960220157604
2025-08-20 23:50:00,9999.960159257604
2025-08-20 23:51:00,9999.959989432322
2025-08-20 23:52:00,9999.959934432321
2025-08-20 23:53:00,9999.959989432322
2025-08-20 23:54:00,9999.959989432322
2025-08-20 23:55:00,9999.96007193232
2025-08-20 23:56:00,9999.96001693232
2025-08-20 23:57:00,9999.960149403922
2025-08-20 23:58:00,9999.960186403921
2025-08-20 23:59:00,9999.960204903922
2025-08-21 00:00:00,9999.96016790392
