timestamp_ms,equity,timestamp
1720250460000,0.0099054900,2024-07-06T07:21:00+00:00
1720250520000,65.1340073100,2024-07-06T07:22:00+00:00
1720250580000,65.1343673100,2024-07-06T07:23:00+00:00
1720250640000,65.1345473100,2024-07-06T07:24:00+00:00
1720250700000,-4010.7817007400,2024-07-06T07:25:00+00:00
1720250760000,-4011.3928800000,2024-07-06T07:26:00+00:00
1720250820000,-4011.3928800000,2024-07-06T07:27:00+00:00
1720250880000,-4011.3928800000,2024-07-06T07:28:00+00:00
1720250940000,-4011.3928800000,2024-07-06T07:29:00+00:00
1720251000000,-4011.3928800000,2024-07-06T07:30:00+00:00
1720251060000,-4011.3928800000,2024-07-06T07:31:00+00:00
1720251120000,-4011.3829537200,2024-07-06T07:32:00+00:00
1720251180000,-3946.1658378150,2024-07-06T07:33:00+00:00
1720251240000,-3946.1660378150,2024-07-06T07:34:00+00:00
1720251300000,-8857.6552684350,2024-07-06T07:35:00+00:00
1720251360000,-8858.2532023550,2024-07-06T07:36:00+00:00
1720251420000,-8858.2433362650,2024-07-06T07:37:00+00:00
1720251480000,-8793.0667125850,2024-07-06T07:38:00+00:00
1720251540000,-8793.0663625850,2024-07-06T07:39:00+00:00
1720251600000,-8793.0660625850,2024-07-06T07:40:00+00:00
1720251660000,-8793.0659625850,2024-07-06T07:41:00+00:00
1720251720000,-8793.0662125850,2024-07-06T07:42:00+00:00
1720251780000,-8793.0664625850,2024-07-06T07:43:00+00:00
1720251840000,-8793.0664125850,2024-07-06T07:44:00+00:00
1720251900000,-8793.048166855000000000000000,2024-07-06T07:45:00+00:00
1720251960000,-8663.829186272349869451697128,2024-07-06T07:46:00+00:00
1720252020000,-8663.829186272349869451697128,2024-07-06T07:47:00+00:00
1720252080000,-8663.829386272349869451697128,2024-07-06T07:48:00+00:00
1720252140000,-8663.829486272349869451697128,2024-07-06T07:49:00+00:00
1720252200000,-8663.829486272349869451697128,2024-07-06T07:50:00+00:00
1720252260000,-13517.60693178234986945169713,2024-07-06T07:51:00+00:00
1720252320000,-13518.17628402234986945169713,2024-07-06T07:52:00+00:00
1720252380000,-13518.17628402234986945169713,2024-07-06T07:53:00+00:00
1720252440000,-13518.17628402234986945169713,2024-07-06T07:54:00+00:00
1720252500000,-13518.17628402234986945169713,2024-07-06T07:55:00+00:00
1720252560000,-13518.17628402234986945169713,2024-07-06T07:56:00+00:00
1720252620000,-13518.17628402234986945169713,2024-07-06T07:57:00+00:00
1720252680000,-13518.17628402234986945169713,2024-07-06T07:58:00+00:00
1720252740000,-13518.17628402234986945169713,2024-07-06T07:59:00+00:00
1720252800000,-13518.16257018234986945169713,2024-07-06T08:00:00+00:00
1720252860000,-13518.76849662234986945169713,2024-07-06T08:01:00+00:00
1720252920000,-13518.76849662234986945169713,2024-07-06T08:02:00+00:00
1720252980000,-13518.76849662234986945169713,2024-07-06T08:03:00+00:00
1720253040000,-13518.76849662234986945169713,2024-07-06T08:04:00+00:00
1720253100000,-13518.76849662234986945169713,2024-07-06T08:05:00+00:00
1720253160000,-13518.76849662234986945169713,2024-07-06T08:06:00+00:00
1720253220000,-13518.76849662234986945169713,2024-07-06T08:07:00+00:00
1720253280000,-13518.76849662234986945169713,2024-07-06T08:08:00+00:00
1720253340000,-13518.76849662234986945169713,2024-07-06T08:09:00+00:00
1720253400000,-13518.76849662234986945169713,2024-07-06T08:10:00+00:00
1720253460000,-13518.76849662234986945169713,2024-07-06T08:11:00+00:00
1720253520000,-13518.76849662234986945169713,2024-07-06T08:12:00+00:00
1720253580000,-13518.76849662234986945169713,2024-07-06T08:13:00+00:00
1720253640000,-13518.76849662234986945169713,2024-07-06T08:14:00+00:00
1720253700000,-13518.76849662234986945169713,2024-07-06T08:15:00+00:00
1720253760000,-13518.76849662234986945169713,2024-07-06T08:16:00+00:00
1720253820000,-13518.76849662234986945169713,2024-07-06T08:17:00+00:00
1720253880000,-13518.76849662234986945169713,2024-07-06T08:18:00+00:00
1720253940000,-13518.75477333234986945169713,2024-07-06T08:19:00+00:00
1720254000000,-13519.37958087234986945169713,2024-07-06T08:20:00+00:00
1720254060000,-13519.37958087234986945169713,2024-07-06T08:21:00+00:00
1720254120000,-13519.37958087234986945169713,2024-07-06T08:22:00+00:00
1720254180000,-13519.36581369734986945169713,2024-07-06T08:23:00+00:00
1720254240000,-13519.98847848234986945169713,2024-07-06T08:24:00+00:00
1720254300000,-13519.98847848234986945169713,2024-07-06T08:25:00+00:00
1720254360000,-13519.98847848234986945169713,2024-07-06T08:26:00+00:00
1720254420000,-13519.98847848234986945169713,2024-07-06T08:27:00+00:00
1720254480000,-13519.98847848234986945169713,2024-07-06T08:28:00+00:00
1720254540000,-13519.98847848234986945169713,2024-07-06T08:29:00+00:00
1720254600000,-13519.97848993734986945169713,2024-07-06T08:30:00+00:00
1720254660000,-13454.72804057734986945169713,2024-07-06T08:31:00+00:00
1720254720000,-13454.72789057734986945169713,2024-07-06T08:32:00+00:00
1720254780000,-18391.89942627734986945169713,2024-07-06T08:33:00+00:00
1720254840000,-18392.50421127734986945169713,2024-07-06T08:34:00+00:00
1720254900000,-18392.49036027734986945169713,2024-07-06T08:35:00+00:00
1720254960000,-18393.11841857734986945169713,2024-07-06T08:36:00+00:00
1720255020000,-18393.11841857734986945169713,2024-07-06T08:37:00+00:00
1720255080000,-18393.11841857734986945169713,2024-07-06T08:38:00+00:00
1720255140000,-18393.10836187734986945169713,2024-07-06T08:39:00+00:00
1720255200000,-18327.84866500234986945169713,2024-07-06T08:40:00+00:00
1720255260000,-23267.18519310234986945169713,2024-07-06T08:41:00+00:00
1720255320000,-24725.19353463234986945169713,2024-07-06T08:42:00+00:00
1720255380000,-24725.19619213234986945169713,2024-07-06T08:43:00+00:00
1720255440000,-24725.21479463234986945169713,2024-07-06T08:44:00+00:00
1720255500000,-24725.25199963234986945169713,2024-07-06T08:45:00+00:00
1720255560000,-24725.25199963234986945169713,2024-07-06T08:46:00+00:00
1720255620000,-24725.23605463234986945169713,2024-07-06T08:47:00+00:00
1720255680000,-24725.24136963234986945169713,2024-07-06T08:48:00+00:00
1720255740000,-24725.24934213234986945169713,2024-07-06T08:49:00+00:00
1720255800000,-24725.24402713234986945169713,2024-07-06T08:50:00+00:00
1720255860000,-24725.24934213234986945169713,2024-07-06T08:51:00+00:00
1720255920000,-24725.23605463234986945169713,2024-07-06T08:52:00+00:00
1720255980000,-24725.25465713234986945169713,2024-07-06T08:53:00+00:00
1720256040000,-24725.25199963234986945169713,2024-07-06T08:54:00+00:00
1720256100000,-24725.25199963234986945169713,2024-07-06T08:55:00+00:00
1720256160000,-24725.24136963234986945169713,2024-07-06T08:56:00+00:00
1720256220000,-24725.23605463234986945169713,2024-07-06T08:57:00+00:00
1720256280000,-24725.23871213234986945169713,2024-07-06T08:58:00+00:00
1720256340000,-24725.23871213234986945169713,2024-07-06T08:59:00+00:00
1720256400000,-24725.23871213234986945169713,2024-07-06T09:00:00+00:00
1720256460000,-24725.25199963234986945169713,2024-07-06T09:01:00+00:00
1720256520000,-24725.25465713234986945169713,2024-07-06T09:02:00+00:00
1720256580000,-24725.23339713234986945169713,2024-07-06T09:03:00+00:00
1720256640000,-24725.25465713234986945169713,2024-07-06T09:04:00+00:00
1720256700000,-24725.26794463234986945169713,2024-07-06T09:05:00+00:00
1720256760000,-24725.25997213234986945169713,2024-07-06T09:06:00+00:00
1720256820000,-24725.25731463234986945169713,2024-07-06T09:07:00+00:00
1720256880000,-24725.24934213234986945169713,2024-07-06T09:08:00+00:00
1720256940000,-24725.25199963234986945169713,2024-07-06T09:09:00+00:00
1720257000000,-24725.25199963234986945169713,2024-07-06T09:10:00+00:00
1720257060000,-24725.24668463234986945169713,2024-07-06T09:11:00+00:00
1720257120000,-24725.25465713234986945169713,2024-07-06T09:12:00+00:00
1720257180000,-24725.23605463234986945169713,2024-07-06T09:13:00+00:00
1720257240000,-24725.23073963234986945169713,2024-07-06T09:14:00+00:00
1720257300000,-24725.23339713234986945169713,2024-07-06T09:15:00+00:00
1720257360000,-24725.24402713234986945169713,2024-07-06T09:16:00+00:00
1720257420000,-24725.23871213234986945169713,2024-07-06T09:17:00+00:00
1720257480000,-24725.23871213234986945169713,2024-07-06T09:18:00+00:00
1720257540000,-24725.23605463234986945169713,2024-07-06T09:19:00+00:00
1720257600000,-24725.23871213234986945169713,2024-07-06T09:20:00+00:00
1720257660000,-24725.24136963234986945169713,2024-07-06T09:21:00+00:00
1720257720000,-24725.25199963234986945169713,2024-07-06T09:22:00+00:00
1720257780000,-24725.25731463234986945169713,2024-07-06T09:23:00+00:00
1720257840000,-24725.25731463234986945169713,2024-07-06T09:24:00+00:00
1720257900000,-24725.25465713234986945169713,2024-07-06T09:25:00+00:00
1720257960000,-24725.25465713234986945169713,2024-07-06T09:26:00+00:00
1720258020000,-24725.25465713234986945169713,2024-07-06T09:27:00+00:00
1720258080000,-24725.25465713234986945169713,2024-07-06T09:28:00+00:00
1720258140000,-24725.25465713234986945169713,2024-07-06T09:29:00+00:00
1720258200000,-24725.26528713234986945169713,2024-07-06T09:30:00+00:00
1720258260000,-24725.25731463234986945169713,2024-07-06T09:31:00+00:00
1720258320000,-24725.24668463234986945169713,2024-07-06T09:32:00+00:00
1720258380000,-24725.26528713234986945169713,2024-07-06T09:33:00+00:00
1720258440000,-24725.26528713234986945169713,2024-07-06T09:34:00+00:00
1720258500000,-24725.26794463234986945169713,2024-07-06T09:35:00+00:00
1720258560000,-24725.26794463234986945169713,2024-07-06T09:36:00+00:00
1720258620000,-24725.27325963234986945169713,2024-07-06T09:37:00+00:00
1720258680000,-24725.26528713234986945169713,2024-07-06T09:38:00+00:00
1720258740000,-24725.26528713234986945169713,2024-07-06T09:39:00+00:00
1720258800000,-24725.26262963234986945169713,2024-07-06T09:40:00+00:00
1720258860000,-24725.26262963234986945169713,2024-07-06T09:41:00+00:00
1720258920000,-24725.25731463234986945169713,2024-07-06T09:42:00+00:00
1720258980000,-24725.24668463234986945169713,2024-07-06T09:43:00+00:00
1720259040000,-24725.24934213234986945169713,2024-07-06T09:44:00+00:00
1720259100000,-24725.25731463234986945169713,2024-07-06T09:45:00+00:00
1720259160000,-24725.24934213234986945169713,2024-07-06T09:46:00+00:00
1720259220000,-24725.25731463234986945169713,2024-07-06T09:47:00+00:00
1720259280000,-24725.25199963234986945169713,2024-07-06T09:48:00+00:00
1720259340000,-24725.24402713234986945169713,2024-07-06T09:49:00+00:00
1720259400000,-24725.24668463234986945169713,2024-07-06T09:50:00+00:00
1720259460000,-24725.23871213234986945169713,2024-07-06T09:51:00+00:00
1720259520000,-24725.22276713234986945169713,2024-07-06T09:52:00+00:00
1720259580000,-24725.21745213234986945169713,2024-07-06T09:53:00+00:00
1720259640000,-24725.23073963234986945169713,2024-07-06T09:54:00+00:00
1720259700000,-24725.23073963234986945169713,2024-07-06T09:55:00+00:00
1720259760000,-24725.23871213234986945169713,2024-07-06T09:56:00+00:00
1720259820000,-24725.24136963234986945169713,2024-07-06T09:57:00+00:00
1720259880000,-24725.22808213234986945169713,2024-07-06T09:58:00+00:00
1720259940000,-24725.24136963234986945169713,2024-07-06T09:59:00+00:00
1720260000000,-24725.24668463234986945169713,2024-07-06T10:00:00+00:00
1720260060000,-24725.23871213234986945169713,2024-07-06T10:01:00+00:00
1720260120000,-24725.23871213234986945169713,2024-07-06T10:02:00+00:00
1720260180000,-24725.22542463234986945169713,2024-07-06T10:03:00+00:00
1720260240000,-24725.22808213234986945169713,2024-07-06T10:04:00+00:00
1720260300000,-24725.23073963234986945169713,2024-07-06T10:05:00+00:00
1720260360000,-24725.24402713234986945169713,2024-07-06T10:06:00+00:00
1720260420000,-24725.25465713234986945169713,2024-07-06T10:07:00+00:00
1720260480000,-24725.23871213234986945169713,2024-07-06T10:08:00+00:00
1720260540000,-24725.24136963234986945169713,2024-07-06T10:09:00+00:00
1720260600000,-24725.23605463234986945169713,2024-07-06T10:10:00+00:00
1720260660000,-24725.23871213234986945169713,2024-07-06T10:11:00+00:00
1720260720000,-24725.24668463234986945169713,2024-07-06T10:12:00+00:00
1720260780000,-24725.24668463234986945169713,2024-07-06T10:13:00+00:00
1720260840000,-24725.24136963234986945169713,2024-07-06T10:14:00+00:00
1720260900000,-24725.26528713234986945169713,2024-07-06T10:15:00+00:00
1720260960000,-24725.27325963234986945169713,2024-07-06T10:16:00+00:00
1720261020000,-24725.26262963234986945169713,2024-07-06T10:17:00+00:00
1720261080000,-24725.25199963234986945169713,2024-07-06T10:18:00+00:00
1720261140000,-24725.23871213234986945169713,2024-07-06T10:19:00+00:00
1720261200000,-24725.25465713234986945169713,2024-07-06T10:20:00+00:00
1720261260000,-24725.25199963234986945169713,2024-07-06T10:21:00+00:00
1720261320000,-24725.25465713234986945169713,2024-07-06T10:22:00+00:00
1720261380000,-24725.25465713234986945169713,2024-07-06T10:23:00+00:00
1720261440000,-24725.25465713234986945169713,2024-07-06T10:24:00+00:00
1720261500000,-24725.24402713234986945169713,2024-07-06T10:25:00+00:00
1720261560000,-24725.24668463234986945169713,2024-07-06T10:26:00+00:00
1720261620000,-24725.24402713234986945169713,2024-07-06T10:27:00+00:00
1720261680000,-24725.24668463234986945169713,2024-07-06T10:28:00+00:00
1720261740000,-24725.25997213234986945169713,2024-07-06T10:29:00+00:00
1720261800000,-24725.25997213234986945169713,2024-07-06T10:30:00+00:00
1720261860000,-24725.25997213234986945169713,2024-07-06T10:31:00+00:00
1720261920000,-24725.25731463234986945169713,2024-07-06T10:32:00+00:00
1720261980000,-24725.24668463234986945169713,2024-07-06T10:33:00+00:00
1720262040000,-24725.24934213234986945169713,2024-07-06T10:34:00+00:00
1720262100000,-24725.23871213234986945169713,2024-07-06T10:35:00+00:00
1720262160000,-24725.20682213234986945169713,2024-07-06T10:36:00+00:00
1720262220000,-24725.20682213234986945169713,2024-07-06T10:37:00+00:00
1720262280000,-24725.19884963234986945169713,2024-07-06T10:38:00+00:00
1720262340000,-24725.20416463234986945169713,2024-07-06T10:39:00+00:00
1720262400000,-24725.20682213234986945169713,2024-07-06T10:40:00+00:00
1720262460000,-24725.18290463234986945169713,2024-07-06T10:41:00+00:00
1720262520000,-24725.18821963234986945169713,2024-07-06T10:42:00+00:00
1720262580000,-24725.19884963234986945169713,2024-07-06T10:43:00+00:00
1720262640000,-24725.21213713234986945169713,2024-07-06T10:44:00+00:00
1720262700000,-24725.22010963234986945169713,2024-07-06T10:45:00+00:00
1720262760000,-24725.21479463234986945169713,2024-07-06T10:46:00+00:00
1720262820000,-24725.21213713234986945169713,2024-07-06T10:47:00+00:00
1720262880000,-24725.21213713234986945169713,2024-07-06T10:48:00+00:00
1720262940000,-24725.20682213234986945169713,2024-07-06T10:49:00+00:00
1720263000000,-24725.20947963234986945169713,2024-07-06T10:50:00+00:00
1720263060000,-24725.20150713234986945169713,2024-07-06T10:51:00+00:00
1720263120000,-24725.20150713234986945169713,2024-07-06T10:52:00+00:00
1720263180000,-24725.20150713234986945169713,2024-07-06T10:53:00+00:00
1720263240000,-24725.20150713234986945169713,2024-07-06T10:54:00+00:00
1720263300000,-24725.20150713234986945169713,2024-07-06T10:55:00+00:00
1720263360000,-24725.18290463234986945169713,2024-07-06T10:56:00+00:00
1720263420000,-24725.17493213234986945169713,2024-07-06T10:57:00+00:00
1720263480000,-24725.17493213234986945169713,2024-07-06T10:58:00+00:00
1720263540000,-24725.18821963234986945169713,2024-07-06T10:59:00+00:00
1720263600000,-24725.17493213234986945169713,2024-07-06T11:00:00+00:00
1720263660000,-24725.17493213234986945169713,2024-07-06T11:01:00+00:00
1720263720000,-24725.17493213234986945169713,2024-07-06T11:02:00+00:00
1720263780000,-24725.15632963234986945169713,2024-07-06T11:03:00+00:00
1720263840000,-24725.16695963234986945169713,2024-07-06T11:04:00+00:00
1720263900000,-24725.15898713234986945169713,2024-07-06T11:05:00+00:00
1720263960000,-24725.15898713234986945169713,2024-07-06T11:06:00+00:00
1720264020000,-24725.16430213234986945169713,2024-07-06T11:07:00+00:00
1720264080000,-24725.16430213234986945169713,2024-07-06T11:08:00+00:00
1720264140000,-24725.16961713234986945169713,2024-07-06T11:09:00+00:00
1720264200000,-24725.16430213234986945169713,2024-07-06T11:10:00+00:00
1720264260000,-24725.16164463234986945169713,2024-07-06T11:11:00+00:00
1720264320000,-24725.14835713234986945169713,2024-07-06T11:12:00+00:00
1720264380000,-24725.14304213234986945169713,2024-07-06T11:13:00+00:00
1720264440000,-24725.14835713234986945169713,2024-07-06T11:14:00+00:00
1720264500000,-24725.13241213234986945169713,2024-07-06T11:15:00+00:00
1720264560000,-24725.08989213234986945169713,2024-07-06T11:16:00+00:00
1720264620000,-24725.11380963234986945169713,2024-07-06T11:17:00+00:00
1720264680000,-24725.10849463234986945169713,2024-07-06T11:18:00+00:00
1720264740000,-24725.12178213234986945169713,2024-07-06T11:19:00+00:00
1720264800000,-24725.11912463234986945169713,2024-07-06T11:20:00+00:00
1720264860000,-24725.14304213234986945169713,2024-07-06T11:21:00+00:00
1720264920000,-24725.15898713234986945169713,2024-07-06T11:22:00+00:00
1720264980000,-24725.17493213234986945169713,2024-07-06T11:23:00+00:00
1720265040000,-24725.15367213234986945169713,2024-07-06T11:24:00+00:00
1720265100000,-24725.15101463234986945169713,2024-07-06T11:25:00+00:00
1720265160000,-24725.15367213234986945169713,2024-07-06T11:26:00+00:00
1720265220000,-24725.16430213234986945169713,2024-07-06T11:27:00+00:00
1720265280000,-24725.17758963234986945169713,2024-07-06T11:28:00+00:00
1720265340000,-24725.17758963234986945169713,2024-07-06T11:29:00+00:00
1720265400000,-24725.17758963234986945169713,2024-07-06T11:30:00+00:00
1720265460000,-24725.16164463234986945169713,2024-07-06T11:31:00+00:00
1720265520000,-24725.15632963234986945169713,2024-07-06T11:32:00+00:00
1720265580000,-24725.15367213234986945169713,2024-07-06T11:33:00+00:00
1720265640000,-24725.15632963234986945169713,2024-07-06T11:34:00+00:00
1720265700000,-24725.15632963234986945169713,2024-07-06T11:35:00+00:00
1720265760000,-24725.14569963234986945169713,2024-07-06T11:36:00+00:00
1720265820000,-24725.13241213234986945169713,2024-07-06T11:37:00+00:00
1720265880000,-24725.13241213234986945169713,2024-07-06T11:38:00+00:00
1720265940000,-24725.14038463234986945169713,2024-07-06T11:39:00+00:00
1720266000000,-24725.15101463234986945169713,2024-07-06T11:40:00+00:00
1720266060000,-24725.18290463234986945169713,2024-07-06T11:41:00+00:00
1720266120000,-24725.19087713234986945169713,2024-07-06T11:42:00+00:00
1720266180000,-24725.19087713234986945169713,2024-07-06T11:43:00+00:00
1720266240000,-24725.20947963234986945169713,2024-07-06T11:44:00+00:00
1720266300000,-24725.22542463234986945169713,2024-07-06T11:45:00+00:00
1720266360000,-24725.19353463234986945169713,2024-07-06T11:46:00+00:00
1720266420000,-24725.19619213234986945169713,2024-07-06T11:47:00+00:00
1720266480000,-24725.18024713234986945169713,2024-07-06T11:48:00+00:00
1720266540000,-24725.18024713234986945169713,2024-07-06T11:49:00+00:00
1720266600000,-24725.18290463234986945169713,2024-07-06T11:50:00+00:00
1720266660000,-24725.17758963234986945169713,2024-07-06T11:51:00+00:00
1720266720000,-24725.16430213234986945169713,2024-07-06T11:52:00+00:00
1720266780000,-24725.15898713234986945169713,2024-07-06T11:53:00+00:00
1720266840000,-24725.15898713234986945169713,2024-07-06T11:54:00+00:00
1720266900000,-24725.16430213234986945169713,2024-07-06T11:55:00+00:00
1720266960000,-24725.16430213234986945169713,2024-07-06T11:56:00+00:00
1720267020000,-24725.16430213234986945169713,2024-07-06T11:57:00+00:00
1720267080000,-24725.16430213234986945169713,2024-07-06T11:58:00+00:00
1720267140000,-24725.17493213234986945169713,2024-07-06T11:59:00+00:00
1720267200000,-24725.14569963234986945169713,2024-07-06T12:00:00+00:00
1720267260000,-24725.12975463234986945169713,2024-07-06T12:01:00+00:00
1720267320000,-24725.11380963234986945169713,2024-07-06T12:02:00+00:00
1720267380000,-24725.12443963234986945169713,2024-07-06T12:03:00+00:00
1720267440000,-24725.12975463234986945169713,2024-07-06T12:04:00+00:00
1720267500000,-24725.12975463234986945169713,2024-07-06T12:05:00+00:00
1720267560000,-24725.13241213234986945169713,2024-07-06T12:06:00+00:00
1720267620000,-24725.14569963234986945169713,2024-07-06T12:07:00+00:00
1720267680000,-24725.13772713234986945169713,2024-07-06T12:08:00+00:00
1720267740000,-24725.13241213234986945169713,2024-07-06T12:09:00+00:00
1720267800000,-24725.13241213234986945169713,2024-07-06T12:10:00+00:00
1720267860000,-24725.12443963234986945169713,2024-07-06T12:11:00+00:00
1720267920000,-24725.11380963234986945169713,2024-07-06T12:12:00+00:00
1720267980000,-24725.11380963234986945169713,2024-07-06T12:13:00+00:00
1720268040000,-24725.11380963234986945169713,2024-07-06T12:14:00+00:00
1720268100000,-24725.11380963234986945169713,2024-07-06T12:15:00+00:00
1720268160000,-24725.11646713234986945169713,2024-07-06T12:16:00+00:00
1720268220000,-24725.11646713234986945169713,2024-07-06T12:17:00+00:00
1720268280000,-24725.09786463234986945169713,2024-07-06T12:18:00+00:00
1720268340000,-24725.09786463234986945169713,2024-07-06T12:19:00+00:00
1720268400000,-24725.10849463234986945169713,2024-07-06T12:20:00+00:00
1720268460000,-24725.07394713234986945169713,2024-07-06T12:21:00+00:00
1720268520000,-24725.06597463234986945169713,2024-07-06T12:22:00+00:00
1720268580000,-24725.09520713234986945169713,2024-07-06T12:23:00+00:00
1720268640000,-24725.11646713234986945169713,2024-07-06T12:24:00+00:00
1720268700000,-24725.10849463234986945169713,2024-07-06T12:25:00+00:00
1720268760000,-24725.12975463234986945169713,2024-07-06T12:26:00+00:00
1720268820000,-24725.11380963234986945169713,2024-07-06T12:27:00+00:00
1720268880000,-24725.11646713234986945169713,2024-07-06T12:28:00+00:00
1720268940000,-24725.13241213234986945169713,2024-07-06T12:29:00+00:00
1720269000000,-24725.12443963234986945169713,2024-07-06T12:30:00+00:00
1720269060000,-24725.12178213234986945169713,2024-07-06T12:31:00+00:00
1720269120000,-24725.11646713234986945169713,2024-07-06T12:32:00+00:00
1720269180000,-24725.11115213234986945169713,2024-07-06T12:33:00+00:00
1720269240000,-24725.13772713234986945169713,2024-07-06T12:34:00+00:00
1720269300000,-24725.11115213234986945169713,2024-07-06T12:35:00+00:00
1720269360000,-24725.12178213234986945169713,2024-07-06T12:36:00+00:00
1720269420000,-24725.12709713234986945169713,2024-07-06T12:37:00+00:00
1720269480000,-24725.12709713234986945169713,2024-07-06T12:38:00+00:00
1720269540000,-24725.14304213234986945169713,2024-07-06T12:39:00+00:00
1720269600000,-24725.14569963234986945169713,2024-07-06T12:40:00+00:00
1720269660000,-24725.16430213234986945169713,2024-07-06T12:41:00+00:00
1720269720000,-24725.16961713234986945169713,2024-07-06T12:42:00+00:00
1720269780000,-24725.16695963234986945169713,2024-07-06T12:43:00+00:00
1720269840000,-24725.15632963234986945169713,2024-07-06T12:44:00+00:00
1720269900000,-24725.18556213234986945169713,2024-07-06T12:45:00+00:00
1720269960000,-24725.19353463234986945169713,2024-07-06T12:46:00+00:00
1720270020000,-24725.20682213234986945169713,2024-07-06T12:47:00+00:00
1720270080000,-24725.21213713234986945169713,2024-07-06T12:48:00+00:00
1720270140000,-24725.19884963234986945169713,2024-07-06T12:49:00+00:00
1720270200000,-24725.17493213234986945169713,2024-07-06T12:50:00+00:00
1720270260000,-24725.18821963234986945169713,2024-07-06T12:51:00+00:00
1720270320000,-24725.20150713234986945169713,2024-07-06T12:52:00+00:00
1720270380000,-24725.19619213234986945169713,2024-07-06T12:53:00+00:00
1720270440000,-24725.17758963234986945169713,2024-07-06T12:54:00+00:00
1720270500000,-24725.16961713234986945169713,2024-07-06T12:55:00+00:00
1720270560000,-24725.14569963234986945169713,2024-07-06T12:56:00+00:00
1720270620000,-24725.15632963234986945169713,2024-07-06T12:57:00+00:00
1720270680000,-24725.16695963234986945169713,2024-07-06T12:58:00+00:00
1720270740000,-24725.15367213234986945169713,2024-07-06T12:59:00+00:00
1720270800000,-24725.12975463234986945169713,2024-07-06T13:00:00+00:00
1720270860000,-24725.13241213234986945169713,2024-07-06T13:01:00+00:00
1720270920000,-24725.16695963234986945169713,2024-07-06T13:02:00+00:00
1720270980000,-24725.15898713234986945169713,2024-07-06T13:03:00+00:00
1720271040000,-24725.16430213234986945169713,2024-07-06T13:04:00+00:00
1720271100000,-24725.15898713234986945169713,2024-07-06T13:05:00+00:00
1720271160000,-24725.18556213234986945169713,2024-07-06T13:06:00+00:00
1720271220000,-24725.19884963234986945169713,2024-07-06T13:07:00+00:00
1720271280000,-24725.19884963234986945169713,2024-07-06T13:08:00+00:00
1720271340000,-24725.19619213234986945169713,2024-07-06T13:09:00+00:00
1720271400000,-24725.17227463234986945169713,2024-07-06T13:10:00+00:00
1720271460000,-24725.19087713234986945169713,2024-07-06T13:11:00+00:00
1720271520000,-24725.19087713234986945169713,2024-07-06T13:12:00+00:00
1720271580000,-24725.19353463234986945169713,2024-07-06T13:13:00+00:00
1720271640000,-24725.19353463234986945169713,2024-07-06T13:14:00+00:00
1720271700000,-24725.19353463234986945169713,2024-07-06T13:15:00+00:00
1720271760000,-24725.19353463234986945169713,2024-07-06T13:16:00+00:00
1720271820000,-24725.20150713234986945169713,2024-07-06T13:17:00+00:00
1720271880000,-24725.17758963234986945169713,2024-07-06T13:18:00+00:00
1720271940000,-24725.17758963234986945169713,2024-07-06T13:19:00+00:00
1720272000000,-24725.17758963234986945169713,2024-07-06T13:20:00+00:00
1720272060000,-24725.18024713234986945169713,2024-07-06T13:21:00+00:00
1720272120000,-24725.18024713234986945169713,2024-07-06T13:22:00+00:00
1720272180000,-24725.20416463234986945169713,2024-07-06T13:23:00+00:00
1720272240000,-24725.17227463234986945169713,2024-07-06T13:24:00+00:00
1720272300000,-24725.17493213234986945169713,2024-07-06T13:25:00+00:00
1720272360000,-24725.18024713234986945169713,2024-07-06T13:26:00+00:00
1720272420000,-24725.18556213234986945169713,2024-07-06T13:27:00+00:00
1720272480000,-24725.17758963234986945169713,2024-07-06T13:28:00+00:00
1720272540000,-24725.17758963234986945169713,2024-07-06T13:29:00+00:00
1720272600000,-24725.18024713234986945169713,2024-07-06T13:30:00+00:00
1720272660000,-24725.18556213234986945169713,2024-07-06T13:31:00+00:00
1720272720000,-24725.17493213234986945169713,2024-07-06T13:32:00+00:00
1720272780000,-24725.16430213234986945169713,2024-07-06T13:33:00+00:00
1720272840000,-24725.14304213234986945169713,2024-07-06T13:34:00+00:00
1720272900000,-24725.13506963234986945169713,2024-07-06T13:35:00+00:00
1720272960000,-24725.13241213234986945169713,2024-07-06T13:36:00+00:00
1720273020000,-24725.15101463234986945169713,2024-07-06T13:37:00+00:00
1720273080000,-24725.14569963234986945169713,2024-07-06T13:38:00+00:00
1720273140000,-24725.14304213234986945169713,2024-07-06T13:39:00+00:00
1720273200000,-24725.14304213234986945169713,2024-07-06T13:40:00+00:00
1720273260000,-24725.15367213234986945169713,2024-07-06T13:41:00+00:00
1720273320000,-24725.16164463234986945169713,2024-07-06T13:42:00+00:00
1720273380000,-24725.18556213234986945169713,2024-07-06T13:43:00+00:00
1720273440000,-24725.16961713234986945169713,2024-07-06T13:44:00+00:00
1720273500000,-24725.18024713234986945169713,2024-07-06T13:45:00+00:00
1720273560000,-24725.18024713234986945169713,2024-07-06T13:46:00+00:00
1720273620000,-24725.15898713234986945169713,2024-07-06T13:47:00+00:00
1720273680000,-24725.15367213234986945169713,2024-07-06T13:48:00+00:00
1720273740000,-24725.11115213234986945169713,2024-07-06T13:49:00+00:00
1720273800000,-24725.07926213234986945169713,2024-07-06T13:50:00+00:00
1720273860000,-24725.06863213234986945169713,2024-07-06T13:51:00+00:00
1720273920000,-24725.08723463234986945169713,2024-07-06T13:52:00+00:00
1720273980000,-24725.08989213234986945169713,2024-07-06T13:53:00+00:00
1720274040000,-24725.09520713234986945169713,2024-07-06T13:54:00+00:00
1720274100000,-24725.07926213234986945169713,2024-07-06T13:55:00+00:00
1720274160000,-24725.08989213234986945169713,2024-07-06T13:56:00+00:00
1720274220000,-24725.11646713234986945169713,2024-07-06T13:57:00+00:00
1720274280000,-24725.12443963234986945169713,2024-07-06T13:58:00+00:00
1720274340000,-24725.10849463234986945169713,2024-07-06T13:59:00+00:00
1720274400000,-24725.11115213234986945169713,2024-07-06T14:00:00+00:00
1720274460000,-24725.07926213234986945169713,2024-07-06T14:01:00+00:00
1720274520000,-24725.06863213234986945169713,2024-07-06T14:02:00+00:00
1720274580000,-24725.06597463234986945169713,2024-07-06T14:03:00+00:00
1720274640000,-24725.06065963234986945169713,2024-07-06T14:04:00+00:00
1720274700000,-24725.10583713234986945169713,2024-07-06T14:05:00+00:00
1720274760000,-24725.12178213234986945169713,2024-07-06T14:06:00+00:00
1720274820000,-24725.11115213234986945169713,2024-07-06T14:07:00+00:00
1720274880000,-24725.11646713234986945169713,2024-07-06T14:08:00+00:00
1720274940000,-24725.10317963234986945169713,2024-07-06T14:09:00+00:00
1720275000000,-24725.11115213234986945169713,2024-07-06T14:10:00+00:00
1720275060000,-24725.14038463234986945169713,2024-07-06T14:11:00+00:00
1720275120000,-24725.12975463234986945169713,2024-07-06T14:12:00+00:00
1720275180000,-24725.13506963234986945169713,2024-07-06T14:13:00+00:00
1720275240000,-24725.14835713234986945169713,2024-07-06T14:14:00+00:00
1720275300000,-24725.14038463234986945169713,2024-07-06T14:15:00+00:00
1720275360000,-24725.12443963234986945169713,2024-07-06T14:16:00+00:00
1720275420000,-24725.12975463234986945169713,2024-07-06T14:17:00+00:00
1720275480000,-24725.14304213234986945169713,2024-07-06T14:18:00+00:00
1720275540000,-24725.14304213234986945169713,2024-07-06T14:19:00+00:00
1720275600000,-24725.12443963234986945169713,2024-07-06T14:20:00+00:00
1720275660000,-24725.12975463234986945169713,2024-07-06T14:21:00+00:00
1720275720000,-24725.15898713234986945169713,2024-07-06T14:22:00+00:00
1720275780000,-24725.16961713234986945169713,2024-07-06T14:23:00+00:00
1720275840000,-24725.17758963234986945169713,2024-07-06T14:24:00+00:00
1720275900000,-24725.15367213234986945169713,2024-07-06T14:25:00+00:00
1720275960000,-24725.15367213234986945169713,2024-07-06T14:26:00+00:00
1720276020000,-24725.15632963234986945169713,2024-07-06T14:27:00+00:00
1720276080000,-24725.15632963234986945169713,2024-07-06T14:28:00+00:00
1720276140000,-24725.15898713234986945169713,2024-07-06T14:29:00+00:00
1720276200000,-24725.14569963234986945169713,2024-07-06T14:30:00+00:00
1720276260000,-24725.14304213234986945169713,2024-07-06T14:31:00+00:00
1720276320000,-24725.11912463234986945169713,2024-07-06T14:32:00+00:00
1720276380000,-24725.08457713234986945169713,2024-07-06T14:33:00+00:00
1720276440000,-24725.08457713234986945169713,2024-07-06T14:34:00+00:00
1720276500000,-24725.09254963234986945169713,2024-07-06T14:35:00+00:00
1720276560000,-24725.08989213234986945169713,2024-07-06T14:36:00+00:00
1720276620000,-24725.07394713234986945169713,2024-07-06T14:37:00+00:00
1720276680000,-24725.06597463234986945169713,2024-07-06T14:38:00+00:00
1720276740000,-24725.06065963234986945169713,2024-07-06T14:39:00+00:00
1720276800000,-24725.03142713234986945169713,2024-07-06T14:40:00+00:00
1720276860000,-24725.01813963234986945169713,2024-07-06T14:41:00+00:00
1720276920000,-24725.01282463234986945169713,2024-07-06T14:42:00+00:00
1720276980000,-24725.01813963234986945169713,2024-07-06T14:43:00+00:00
1720277040000,-24725.01282463234986945169713,2024-07-06T14:44:00+00:00
1720277100000,-24724.99953713234986945169713,2024-07-06T14:45:00+00:00
1720277160000,-24725.02611213234986945169713,2024-07-06T14:46:00+00:00
1720277220000,-24725.02611213234986945169713,2024-07-06T14:47:00+00:00
1720277280000,-24725.00750963234986945169713,2024-07-06T14:48:00+00:00
1720277340000,-24724.99422213234986945169713,2024-07-06T14:49:00+00:00
1720277400000,-24725.02345463234986945169713,2024-07-06T14:50:00+00:00
1720277460000,-24725.01282463234986945169713,2024-07-06T14:51:00+00:00
1720277520000,-24725.00485213234986945169713,2024-07-06T14:52:00+00:00
1720277580000,-24725.00485213234986945169713,2024-07-06T14:53:00+00:00
1720277640000,-24724.99953713234986945169713,2024-07-06T14:54:00+00:00
1720277700000,-24725.00750963234986945169713,2024-07-06T14:55:00+00:00
1720277760000,-24725.00750963234986945169713,2024-07-06T14:56:00+00:00
1720277820000,-24724.99687963234986945169713,2024-07-06T14:57:00+00:00
1720277880000,-24725.01813963234986945169713,2024-07-06T14:58:00+00:00
1720277940000,-24725.03142713234986945169713,2024-07-06T14:59:00+00:00
1720278000000,-24725.00485213234986945169713,2024-07-06T15:00:00+00:00
1720278060000,-24725.00485213234986945169713,2024-07-06T15:01:00+00:00
1720278120000,-24725.00485213234986945169713,2024-07-06T15:02:00+00:00
1720278180000,-24725.01548213234986945169713,2024-07-06T15:03:00+00:00
1720278240000,-24725.03142713234986945169713,2024-07-06T15:04:00+00:00
1720278300000,-24725.05002963234986945169713,2024-07-06T15:05:00+00:00
1720278360000,-24725.04205713234986945169713,2024-07-06T15:06:00+00:00
1720278420000,-24724.99953713234986945169713,2024-07-06T15:07:00+00:00
1720278480000,-24725.01282463234986945169713,2024-07-06T15:08:00+00:00
1720278540000,-24724.99953713234986945169713,2024-07-06T15:09:00+00:00
1720278600000,-24725.01016713234986945169713,2024-07-06T15:10:00+00:00
1720278660000,-24725.01548213234986945169713,2024-07-06T15:11:00+00:00
1720278720000,-24724.98890713234986945169713,2024-07-06T15:12:00+00:00
1720278780000,-24724.99156463234986945169713,2024-07-06T15:13:00+00:00
1720278840000,-24725.01282463234986945169713,2024-07-06T15:14:00+00:00
1720278900000,-24724.98624963234986945169713,2024-07-06T15:15:00+00:00
1720278960000,-24724.99156463234986945169713,2024-07-06T15:16:00+00:00
1720279020000,-24724.98359213234986945169713,2024-07-06T15:17:00+00:00
1720279080000,-24724.97561963234986945169713,2024-07-06T15:18:00+00:00
1720279140000,-24724.94904463234986945169713,2024-07-06T15:19:00+00:00
1720279200000,-24724.93575713234986945169713,2024-07-06T15:20:00+00:00
1720279260000,-24724.91449713234986945169713,2024-07-06T15:21:00+00:00
1720279320000,-24724.91715463234986945169713,2024-07-06T15:22:00+00:00
1720279380000,-24724.93841463234986945169713,2024-07-06T15:23:00+00:00
1720279440000,-24724.94107213234986945169713,2024-07-06T15:24:00+00:00
1720279500000,-24724.91981213234986945169713,2024-07-06T15:25:00+00:00
1720279560000,-24724.91715463234986945169713,2024-07-06T15:26:00+00:00
1720279620000,-24724.91715463234986945169713,2024-07-06T15:27:00+00:00
1720279680000,-24724.93575713234986945169713,2024-07-06T15:28:00+00:00
1720279740000,-24724.90652463234986945169713,2024-07-06T15:29:00+00:00
1720279800000,-24724.87463463234986945169713,2024-07-06T15:30:00+00:00
1720279860000,-24724.86400463234986945169713,2024-07-06T15:31:00+00:00
1720279920000,-24724.87197713234986945169713,2024-07-06T15:32:00+00:00
1720279980000,-24724.86666213234986945169713,2024-07-06T15:33:00+00:00
1720280040000,-24724.87729213234986945169713,2024-07-06T15:34:00+00:00
1720280100000,-24724.87463463234986945169713,2024-07-06T15:35:00+00:00
1720280160000,-24724.87994963234986945169713,2024-07-06T15:36:00+00:00
1720280220000,-24724.86134713234986945169713,2024-07-06T15:37:00+00:00
1720280280000,-24724.85603213234986945169713,2024-07-06T15:38:00+00:00
1720280340000,-24724.87197713234986945169713,2024-07-06T15:39:00+00:00
1720280400000,-24724.84274463234986945169713,2024-07-06T15:40:00+00:00
1720280460000,-24724.84274463234986945169713,2024-07-06T15:41:00+00:00
1720280520000,-24724.82679963234986945169713,2024-07-06T15:42:00+00:00
1720280580000,-24724.85603213234986945169713,2024-07-06T15:43:00+00:00
1720280640000,-24724.84540213234986945169713,2024-07-06T15:44:00+00:00
1720280700000,-24724.81085463234986945169713,2024-07-06T15:45:00+00:00
1720280760000,-24724.81085463234986945169713,2024-07-06T15:46:00+00:00
1720280820000,-24724.81882713234986945169713,2024-07-06T15:47:00+00:00
1720280880000,-24724.85603213234986945169713,2024-07-06T15:48:00+00:00
1720280940000,-24724.84805963234986945169713,2024-07-06T15:49:00+00:00
1720281000000,-24724.85071713234986945169713,2024-07-06T15:50:00+00:00
1720281060000,-24724.85868963234986945169713,2024-07-06T15:51:00+00:00
1720281120000,-24724.87197713234986945169713,2024-07-06T15:52:00+00:00
1720281180000,-24724.90120963234986945169713,2024-07-06T15:53:00+00:00
1720281240000,-24724.90652463234986945169713,2024-07-06T15:54:00+00:00
1720281300000,-24724.92512713234986945169713,2024-07-06T15:55:00+00:00
1720281360000,-24724.92246963234986945169713,2024-07-06T15:56:00+00:00
1720281420000,-24724.90120963234986945169713,2024-07-06T15:57:00+00:00
1720281480000,-24724.89323713234986945169713,2024-07-06T15:58:00+00:00
1720281540000,-24724.90386713234986945169713,2024-07-06T15:59:00+00:00
1720281600000,-24724.89057963234986945169713,2024-07-06T16:00:00+00:00
1720281660000,-24724.89057963234986945169713,2024-07-06T16:01:00+00:00
1720281720000,-24724.85603213234986945169713,2024-07-06T16:02:00+00:00
1720281780000,-24724.85603213234986945169713,2024-07-06T16:03:00+00:00
1720281840000,-24724.84805963234986945169713,2024-07-06T16:04:00+00:00
1720281900000,-24724.84274463234986945169713,2024-07-06T16:05:00+00:00
1720281960000,-24724.83742963234986945169713,2024-07-06T16:06:00+00:00
1720282020000,-24724.81882713234986945169713,2024-07-06T16:07:00+00:00
1720282080000,-24724.79490963234986945169713,2024-07-06T16:08:00+00:00
1720282140000,-24724.79490963234986945169713,2024-07-06T16:09:00+00:00
1720282200000,-24724.78959463234986945169713,2024-07-06T16:10:00+00:00
1720282260000,-24724.78427963234986945169713,2024-07-06T16:11:00+00:00
1720282320000,-24724.76833463234986945169713,2024-07-06T16:12:00+00:00
1720282380000,-24724.77364963234986945169713,2024-07-06T16:13:00+00:00
1720282440000,-24724.77896463234986945169713,2024-07-06T16:14:00+00:00
1720282500000,-24724.77630713234986945169713,2024-07-06T16:15:00+00:00
1720282560000,-24724.75504713234986945169713,2024-07-06T16:16:00+00:00
1720282620000,-24724.75504713234986945169713,2024-07-06T16:17:00+00:00
1720282680000,-24724.75238963234986945169713,2024-07-06T16:18:00+00:00
1720282740000,-24724.73644463234986945169713,2024-07-06T16:19:00+00:00
1720282800000,-24724.73112963234986945169713,2024-07-06T16:20:00+00:00
1720282860000,-24724.72315713234986945169713,2024-07-06T16:21:00+00:00
1720282920000,-24724.73378713234986945169713,2024-07-06T16:22:00+00:00
1720282980000,-24724.75504713234986945169713,2024-07-06T16:23:00+00:00
1720283040000,-24724.72315713234986945169713,2024-07-06T16:24:00+00:00
1720283100000,-24724.72049963234986945169713,2024-07-06T16:25:00+00:00
1720283160000,-24724.71252713234986945169713,2024-07-06T16:26:00+00:00
1720283220000,-24724.70189713234986945169713,2024-07-06T16:27:00+00:00
1720283280000,-24724.70455463234986945169713,2024-07-06T16:28:00+00:00
1720283340000,-24724.65937713234986945169713,2024-07-06T16:29:00+00:00
1720283400000,-24724.66734963234986945169713,2024-07-06T16:30:00+00:00
1720283460000,-24724.66203463234986945169713,2024-07-06T16:31:00+00:00
1720283520000,-24724.63811713234986945169713,2024-07-06T16:32:00+00:00
1720283580000,-24724.64343213234986945169713,2024-07-06T16:33:00+00:00
1720283640000,-24724.64608963234986945169713,2024-07-06T16:34:00+00:00
1720283700000,-24724.64077463234986945169713,2024-07-06T16:35:00+00:00
1720283760000,-24724.64874713234986945169713,2024-07-06T16:36:00+00:00
1720283820000,-24724.63811713234986945169713,2024-07-06T16:37:00+00:00
1720283880000,-24724.60888463234986945169713,2024-07-06T16:38:00+00:00
1720283940000,-24724.60888463234986945169713,2024-07-06T16:39:00+00:00
1720284000000,-24724.61154213234986945169713,2024-07-06T16:40:00+00:00
1720284060000,-24724.61685713234986945169713,2024-07-06T16:41:00+00:00
1720284120000,-24724.62482963234986945169713,2024-07-06T16:42:00+00:00
1720284180000,-24724.60356963234986945169713,2024-07-06T16:43:00+00:00
1720284240000,-24724.60091213234986945169713,2024-07-06T16:44:00+00:00
1720284300000,-24724.64343213234986945169713,2024-07-06T16:45:00+00:00
1720284360000,-24724.59028213234986945169713,2024-07-06T16:46:00+00:00
1720284420000,-24724.57965213234986945169713,2024-07-06T16:47:00+00:00
1720284480000,-24724.58496713234986945169713,2024-07-06T16:48:00+00:00
1720284540000,-24724.61154213234986945169713,2024-07-06T16:49:00+00:00
1720284600000,-24724.60091213234986945169713,2024-07-06T16:50:00+00:00
1720284660000,-24724.58230963234986945169713,2024-07-06T16:51:00+00:00
1720284720000,-24724.61685713234986945169713,2024-07-06T16:52:00+00:00
1720284780000,-24724.61154213234986945169713,2024-07-06T16:53:00+00:00
1720284840000,-24724.61419963234986945169713,2024-07-06T16:54:00+00:00
1720284900000,-24724.57699463234986945169713,2024-07-06T16:55:00+00:00
1720284960000,-24724.57433713234986945169713,2024-07-06T16:56:00+00:00
1720285020000,-24724.58496713234986945169713,2024-07-06T16:57:00+00:00
1720285080000,-24724.58496713234986945169713,2024-07-06T16:58:00+00:00
1720285140000,-24724.56104963234986945169713,2024-07-06T16:59:00+00:00
1720285200000,-24724.59028213234986945169713,2024-07-06T17:00:00+00:00
1720285260000,-24724.61685713234986945169713,2024-07-06T17:01:00+00:00
1720285320000,-24724.59559713234986945169713,2024-07-06T17:02:00+00:00
1720285380000,-24724.59825463234986945169713,2024-07-06T17:03:00+00:00
1720285440000,-24724.58230963234986945169713,2024-07-06T17:04:00+00:00
1720285500000,-24724.56902213234986945169713,2024-07-06T17:05:00+00:00
1720285560000,-24724.57699463234986945169713,2024-07-06T17:06:00+00:00
1720285620000,-24724.60888463234986945169713,2024-07-06T17:07:00+00:00
1720285680000,-24724.61154213234986945169713,2024-07-06T17:08:00+00:00
1720285740000,-24724.59825463234986945169713,2024-07-06T17:09:00+00:00
1720285800000,-24724.59559713234986945169713,2024-07-06T17:10:00+00:00
1720285860000,-24724.59293963234986945169713,2024-07-06T17:11:00+00:00
1720285920000,-24724.61154213234986945169713,2024-07-06T17:12:00+00:00
1720285980000,-24724.60888463234986945169713,2024-07-06T17:13:00+00:00
1720286040000,-24724.63280213234986945169713,2024-07-06T17:14:00+00:00
1720286100000,-24724.61154213234986945169713,2024-07-06T17:15:00+00:00
1720286160000,-24724.58762463234986945169713,2024-07-06T17:16:00+00:00
1720286220000,-24724.56104963234986945169713,2024-07-06T17:17:00+00:00
1720286280000,-24724.56370713234986945169713,2024-07-06T17:18:00+00:00
1720286340000,-24724.56370713234986945169713,2024-07-06T17:19:00+00:00
1720286400000,-24724.58496713234986945169713,2024-07-06T17:20:00+00:00
1720286460000,-24724.57699463234986945169713,2024-07-06T17:21:00+00:00
1720286520000,-24724.61419963234986945169713,2024-07-06T17:22:00+00:00
1720286580000,-24724.61419963234986945169713,2024-07-06T17:23:00+00:00
1720286640000,-24724.59825463234986945169713,2024-07-06T17:24:00+00:00
1720286700000,-24724.63014463234986945169713,2024-07-06T17:25:00+00:00
1720286760000,-24724.62482963234986945169713,2024-07-06T17:26:00+00:00
1720286820000,-24724.61951463234986945169713,2024-07-06T17:27:00+00:00
1720286880000,-24724.61419963234986945169713,2024-07-06T17:28:00+00:00
1720286940000,-24724.59559713234986945169713,2024-07-06T17:29:00+00:00
1720287000000,-24724.57433713234986945169713,2024-07-06T17:30:00+00:00
1720287060000,-24724.55041963234986945169713,2024-07-06T17:31:00+00:00
1720287120000,-24724.57699463234986945169713,2024-07-06T17:32:00+00:00
1720287180000,-24724.56370713234986945169713,2024-07-06T17:33:00+00:00
1720287240000,-24724.56636463234986945169713,2024-07-06T17:34:00+00:00
1720287300000,-24724.56104963234986945169713,2024-07-06T17:35:00+00:00
1720287360000,-24724.56636463234986945169713,2024-07-06T17:36:00+00:00
1720287420000,-24724.57433713234986945169713,2024-07-06T17:37:00+00:00
1720287480000,-24724.59559713234986945169713,2024-07-06T17:38:00+00:00
1720287540000,-24724.57965213234986945169713,2024-07-06T17:39:00+00:00
1720287600000,-24724.59293963234986945169713,2024-07-06T17:40:00+00:00
1720287660000,-24724.60888463234986945169713,2024-07-06T17:41:00+00:00
1720287720000,-24724.59028213234986945169713,2024-07-06T17:42:00+00:00
1720287780000,-24724.59825463234986945169713,2024-07-06T17:43:00+00:00
1720287840000,-24724.60622713234986945169713,2024-07-06T17:44:00+00:00
1720287900000,-24724.61154213234986945169713,2024-07-06T17:45:00+00:00
1720287960000,-24724.61154213234986945169713,2024-07-06T17:46:00+00:00
1720288020000,-24724.62748713234986945169713,2024-07-06T17:47:00+00:00
1720288080000,-24724.63014463234986945169713,2024-07-06T17:48:00+00:00
1720288140000,-24724.61154213234986945169713,2024-07-06T17:49:00+00:00
1720288200000,-24724.59293963234986945169713,2024-07-06T17:50:00+00:00
1720288260000,-24724.59559713234986945169713,2024-07-06T17:51:00+00:00
1720288320000,-24724.60888463234986945169713,2024-07-06T17:52:00+00:00
1720288380000,-24724.61419963234986945169713,2024-07-06T17:53:00+00:00
1720288440000,-24724.60888463234986945169713,2024-07-06T17:54:00+00:00
1720288500000,-24724.61419963234986945169713,2024-07-06T17:55:00+00:00
1720288560000,-24724.61419963234986945169713,2024-07-06T17:56:00+00:00
1720288620000,-24724.60888463234986945169713,2024-07-06T17:57:00+00:00
1720288680000,-24724.60356963234986945169713,2024-07-06T17:58:00+00:00
1720288740000,-24724.60091213234986945169713,2024-07-06T17:59:00+00:00
1720288800000,-24724.58230963234986945169713,2024-07-06T18:00:00+00:00
1720288860000,-24724.59028213234986945169713,2024-07-06T18:01:00+00:00
1720288920000,-24724.57433713234986945169713,2024-07-06T18:02:00+00:00
1720288980000,-24724.57965213234986945169713,2024-07-06T18:03:00+00:00
1720289040000,-24724.57699463234986945169713,2024-07-06T18:04:00+00:00
1720289100000,-24724.56370713234986945169713,2024-07-06T18:05:00+00:00
1720289160000,-24724.53713213234986945169713,2024-07-06T18:06:00+00:00
1720289220000,-24724.53713213234986945169713,2024-07-06T18:07:00+00:00
1720289280000,-24724.55573463234986945169713,2024-07-06T18:08:00+00:00
1720289340000,-24724.53713213234986945169713,2024-07-06T18:09:00+00:00
1720289400000,-24724.54776213234986945169713,2024-07-06T18:10:00+00:00
1720289460000,-24724.55041963234986945169713,2024-07-06T18:11:00+00:00
1720289520000,-24724.55041963234986945169713,2024-07-06T18:12:00+00:00
1720289580000,-24724.55573463234986945169713,2024-07-06T18:13:00+00:00
1720289640000,-24724.54510463234986945169713,2024-07-06T18:14:00+00:00
1720289700000,-24724.55307713234986945169713,2024-07-06T18:15:00+00:00
1720289760000,-24724.56370713234986945169713,2024-07-06T18:16:00+00:00
1720289820000,-24724.53713213234986945169713,2024-07-06T18:17:00+00:00
1720289880000,-24724.54510463234986945169713,2024-07-06T18:18:00+00:00
1720289940000,-24724.54776213234986945169713,2024-07-06T18:19:00+00:00
1720290000000,-24724.54244713234986945169713,2024-07-06T18:20:00+00:00
1720290060000,-24724.54510463234986945169713,2024-07-06T18:21:00+00:00
1720290120000,-24724.53978963234986945169713,2024-07-06T18:22:00+00:00
1720290180000,-24724.53447463234986945169713,2024-07-06T18:23:00+00:00
1720290240000,-24724.53978963234986945169713,2024-07-06T18:24:00+00:00
1720290300000,-24724.52650213234986945169713,2024-07-06T18:25:00+00:00
1720290360000,-24724.52650213234986945169713,2024-07-06T18:26:00+00:00
1720290420000,-24724.52650213234986945169713,2024-07-06T18:27:00+00:00
1720290480000,-24724.52384463234986945169713,2024-07-06T18:28:00+00:00
1720290540000,-24724.52118713234986945169713,2024-07-06T18:29:00+00:00
1720290600000,-24724.52915963234986945169713,2024-07-06T18:30:00+00:00
1720290660000,-24724.54510463234986945169713,2024-07-06T18:31:00+00:00
1720290720000,-24724.53181713234986945169713,2024-07-06T18:32:00+00:00
1720290780000,-24724.53713213234986945169713,2024-07-06T18:33:00+00:00
1720290840000,-24724.53713213234986945169713,2024-07-06T18:34:00+00:00
1720290900000,-24724.54244713234986945169713,2024-07-06T18:35:00+00:00
1720290960000,-24724.52650213234986945169713,2024-07-06T18:36:00+00:00
1720291020000,-24724.54244713234986945169713,2024-07-06T18:37:00+00:00
1720291080000,-24724.55041963234986945169713,2024-07-06T18:38:00+00:00
1720291140000,-24724.55041963234986945169713,2024-07-06T18:39:00+00:00
1720291200000,-24724.54776213234986945169713,2024-07-06T18:40:00+00:00
1720291260000,-24724.54244713234986945169713,2024-07-06T18:41:00+00:00
1720291320000,-24724.54244713234986945169713,2024-07-06T18:42:00+00:00
1720291380000,-24724.53181713234986945169713,2024-07-06T18:43:00+00:00
1720291440000,-24724.53713213234986945169713,2024-07-06T18:44:00+00:00
1720291500000,-24724.54510463234986945169713,2024-07-06T18:45:00+00:00
1720291560000,-24724.54776213234986945169713,2024-07-06T18:46:00+00:00
1720291620000,-24724.54776213234986945169713,2024-07-06T18:47:00+00:00
1720291680000,-24724.54244713234986945169713,2024-07-06T18:48:00+00:00
1720291740000,-24724.52118713234986945169713,2024-07-06T18:49:00+00:00
1720291800000,-24724.52118713234986945169713,2024-07-06T18:50:00+00:00
1720291860000,-24724.52384463234986945169713,2024-07-06T18:51:00+00:00
1720291920000,-24724.52384463234986945169713,2024-07-06T18:52:00+00:00
1720291980000,-24724.51321463234986945169713,2024-07-06T18:53:00+00:00
1720292040000,-24724.49726963234986945169713,2024-07-06T18:54:00+00:00
1720292100000,-24724.49726963234986945169713,2024-07-06T18:55:00+00:00
1720292160000,-24724.49726963234986945169713,2024-07-06T18:56:00+00:00
1720292220000,-24724.47069463234986945169713,2024-07-06T18:57:00+00:00
1720292280000,-24724.47069463234986945169713,2024-07-06T18:58:00+00:00
1720292340000,-24724.47866713234986945169713,2024-07-06T18:59:00+00:00
1720292400000,-24724.47600963234986945169713,2024-07-06T19:00:00+00:00
1720292460000,-24724.45740713234986945169713,2024-07-06T19:01:00+00:00
1720292520000,-24724.46803713234986945169713,2024-07-06T19:02:00+00:00
1720292580000,-24724.46803713234986945169713,2024-07-06T19:03:00+00:00
1720292640000,-24724.45474963234986945169713,2024-07-06T19:04:00+00:00
1720292700000,-24724.46006463234986945169713,2024-07-06T19:05:00+00:00
1720292760000,-24724.46803713234986945169713,2024-07-06T19:06:00+00:00
1720292820000,-24724.46272213234986945169713,2024-07-06T19:07:00+00:00
1720292880000,-24724.46272213234986945169713,2024-07-06T19:08:00+00:00
1720292940000,-24724.46006463234986945169713,2024-07-06T19:09:00+00:00
1720293000000,-24724.46537963234986945169713,2024-07-06T19:10:00+00:00
1720293060000,-24724.46803713234986945169713,2024-07-06T19:11:00+00:00
1720293120000,-24724.46272213234986945169713,2024-07-06T19:12:00+00:00
1720293180000,-24724.46272213234986945169713,2024-07-06T19:13:00+00:00
1720293240000,-24724.45740713234986945169713,2024-07-06T19:14:00+00:00
1720293300000,-24724.45740713234986945169713,2024-07-06T19:15:00+00:00
1720293360000,-24724.45740713234986945169713,2024-07-06T19:16:00+00:00
1720293420000,-24724.45740713234986945169713,2024-07-06T19:17:00+00:00
1720293480000,-24724.44677713234986945169713,2024-07-06T19:18:00+00:00
1720293540000,-24724.41488713234986945169713,2024-07-06T19:19:00+00:00
1720293600000,-24724.42285963234986945169713,2024-07-06T19:20:00+00:00
1720293660000,-24724.41754463234986945169713,2024-07-06T19:21:00+00:00
1720293720000,-24724.41754463234986945169713,2024-07-06T19:22:00+00:00
1720293780000,-24724.41754463234986945169713,2024-07-06T19:23:00+00:00
1720293840000,-24724.42285963234986945169713,2024-07-06T19:24:00+00:00
1720293900000,-24724.42817463234986945169713,2024-07-06T19:25:00+00:00
1720293960000,-24724.42285963234986945169713,2024-07-06T19:26:00+00:00
1720294020000,-24724.43348963234986945169713,2024-07-06T19:27:00+00:00
1720294080000,-24724.42020213234986945169713,2024-07-06T19:28:00+00:00
1720294140000,-24724.41488713234986945169713,2024-07-06T19:29:00+00:00
1720294200000,-24724.42020213234986945169713,2024-07-06T19:30:00+00:00
1720294260000,-24724.41754463234986945169713,2024-07-06T19:31:00+00:00
1720294320000,-24724.42285963234986945169713,2024-07-06T19:32:00+00:00
1720294380000,-24724.41488713234986945169713,2024-07-06T19:33:00+00:00
1720294440000,-24724.38831213234986945169713,2024-07-06T19:34:00+00:00
1720294500000,-24724.36705213234986945169713,2024-07-06T19:35:00+00:00
1720294560000,-24724.38565463234986945169713,2024-07-06T19:36:00+00:00
1720294620000,-24724.38299713234986945169713,2024-07-06T19:37:00+00:00
1720294680000,-24724.37236713234986945169713,2024-07-06T19:38:00+00:00
1720294740000,-24724.37236713234986945169713,2024-07-06T19:39:00+00:00
1720294800000,-24724.37502463234986945169713,2024-07-06T19:40:00+00:00
1720294860000,-24724.37768213234986945169713,2024-07-06T19:41:00+00:00
1720294920000,-24724.38565463234986945169713,2024-07-06T19:42:00+00:00
1720294980000,-24724.38565463234986945169713,2024-07-06T19:43:00+00:00
1720295040000,-24724.42285963234986945169713,2024-07-06T19:44:00+00:00
1720295100000,-24724.39894213234986945169713,2024-07-06T19:45:00+00:00
1720295160000,-24724.38831213234986945169713,2024-07-06T19:46:00+00:00
1720295220000,-24724.39894213234986945169713,2024-07-06T19:47:00+00:00
1720295280000,-24724.39096963234986945169713,2024-07-06T19:48:00+00:00
1720295340000,-24724.37768213234986945169713,2024-07-06T19:49:00+00:00
1720295400000,-24724.37236713234986945169713,2024-07-06T19:50:00+00:00
1720295460000,-24724.36439463234986945169713,2024-07-06T19:51:00+00:00
1720295520000,-24724.36705213234986945169713,2024-07-06T19:52:00+00:00
1720295580000,-24724.35110713234986945169713,2024-07-06T19:53:00+00:00
1720295640000,-24724.34313463234986945169713,2024-07-06T19:54:00+00:00
1720295700000,-24724.34313463234986945169713,2024-07-06T19:55:00+00:00
1720295760000,-24724.35110713234986945169713,2024-07-06T19:56:00+00:00
1720295820000,-24724.35376463234986945169713,2024-07-06T19:57:00+00:00
1720295880000,-24724.36173713234986945169713,2024-07-06T19:58:00+00:00
1720295940000,-24724.36173713234986945169713,2024-07-06T19:59:00+00:00
1720296000000,-24724.35376463234986945169713,2024-07-06T20:00:00+00:00
1720296060000,-24724.34579213234986945169713,2024-07-06T20:01:00+00:00
1720296120000,-24724.35110713234986945169713,2024-07-06T20:02:00+00:00
1720296180000,-24724.35376463234986945169713,2024-07-06T20:03:00+00:00
1720296240000,-24724.35642213234986945169713,2024-07-06T20:04:00+00:00
1720296300000,-24724.35907963234986945169713,2024-07-06T20:05:00+00:00
1720296360000,-24724.34844963234986945169713,2024-07-06T20:06:00+00:00
1720296420000,-24724.34844963234986945169713,2024-07-06T20:07:00+00:00
1720296480000,-24724.37236713234986945169713,2024-07-06T20:08:00+00:00
1720296540000,-24724.37236713234986945169713,2024-07-06T20:09:00+00:00
1720296600000,-24724.37768213234986945169713,2024-07-06T20:10:00+00:00
1720296660000,-24724.37236713234986945169713,2024-07-06T20:11:00+00:00
1720296720000,-24724.38033963234986945169713,2024-07-06T20:12:00+00:00
1720296780000,-24724.39096963234986945169713,2024-07-06T20:13:00+00:00
1720296840000,-24724.40957213234986945169713,2024-07-06T20:14:00+00:00
1720296900000,-24724.39362713234986945169713,2024-07-06T20:15:00+00:00
1720296960000,-24724.39096963234986945169713,2024-07-06T20:16:00+00:00
1720297020000,-24724.36970963234986945169713,2024-07-06T20:17:00+00:00
1720297080000,-24724.37768213234986945169713,2024-07-06T20:18:00+00:00
1720297140000,-24724.39894213234986945169713,2024-07-06T20:19:00+00:00
1720297200000,-24724.41488713234986945169713,2024-07-06T20:20:00+00:00
1720297260000,-24724.41754463234986945169713,2024-07-06T20:21:00+00:00
1720297320000,-24724.43083213234986945169713,2024-07-06T20:22:00+00:00
1720297380000,-24724.43880463234986945169713,2024-07-06T20:23:00+00:00
1720297440000,-24724.44677713234986945169713,2024-07-06T20:24:00+00:00
1720297500000,-24724.44943463234986945169713,2024-07-06T20:25:00+00:00
1720297560000,-24724.43880463234986945169713,2024-07-06T20:26:00+00:00
1720297620000,-24724.44146213234986945169713,2024-07-06T20:27:00+00:00
1720297680000,-24724.42285963234986945169713,2024-07-06T20:28:00+00:00
1720297740000,-24724.44677713234986945169713,2024-07-06T20:29:00+00:00
1720297800000,-24724.47335213234986945169713,2024-07-06T20:30:00+00:00
1720297860000,-24724.47069463234986945169713,2024-07-06T20:31:00+00:00
1720297920000,-24724.47866713234986945169713,2024-07-06T20:32:00+00:00
1720297980000,-24724.48132463234986945169713,2024-07-06T20:33:00+00:00
1720298040000,-24724.46272213234986945169713,2024-07-06T20:34:00+00:00
1720298100000,-24724.45209213234986945169713,2024-07-06T20:35:00+00:00
1720298160000,-24724.45209213234986945169713,2024-07-06T20:36:00+00:00
1720298220000,-24724.46537963234986945169713,2024-07-06T20:37:00+00:00
1720298280000,-24724.47335213234986945169713,2024-07-06T20:38:00+00:00
1720298340000,-24724.47600963234986945169713,2024-07-06T20:39:00+00:00
1720298400000,-24724.46272213234986945169713,2024-07-06T20:40:00+00:00
1720298460000,-24724.47069463234986945169713,2024-07-06T20:41:00+00:00
1720298520000,-24724.46006463234986945169713,2024-07-06T20:42:00+00:00
1720298580000,-24724.47335213234986945169713,2024-07-06T20:43:00+00:00
1720298640000,-24724.47069463234986945169713,2024-07-06T20:44:00+00:00
1720298700000,-24724.48132463234986945169713,2024-07-06T20:45:00+00:00
1720298760000,-24724.45474963234986945169713,2024-07-06T20:46:00+00:00
1720298820000,-24724.46272213234986945169713,2024-07-06T20:47:00+00:00
1720298880000,-24724.47335213234986945169713,2024-07-06T20:48:00+00:00
1720298940000,-24724.47069463234986945169713,2024-07-06T20:49:00+00:00
1720299000000,-24724.47069463234986945169713,2024-07-06T20:50:00+00:00
1720299060000,-24724.44943463234986945169713,2024-07-06T20:51:00+00:00
1720299120000,-24724.46006463234986945169713,2024-07-06T20:52:00+00:00
1720299180000,-24724.47069463234986945169713,2024-07-06T20:53:00+00:00
1720299240000,-24724.47069463234986945169713,2024-07-06T20:54:00+00:00
1720299300000,-24724.47069463234986945169713,2024-07-06T20:55:00+00:00
1720299360000,-24724.47866713234986945169713,2024-07-06T20:56:00+00:00
1720299420000,-24724.47866713234986945169713,2024-07-06T20:57:00+00:00
1720299480000,-24724.48132463234986945169713,2024-07-06T20:58:00+00:00
1720299540000,-24724.48929713234986945169713,2024-07-06T20:59:00+00:00
1720299600000,-24724.45740713234986945169713,2024-07-06T21:00:00+00:00
1720299660000,-24724.44677713234986945169713,2024-07-06T21:01:00+00:00
1720299720000,-24724.42285963234986945169713,2024-07-06T21:02:00+00:00
1720299780000,-24724.42551713234986945169713,2024-07-06T21:03:00+00:00
1720299840000,-24724.39894213234986945169713,2024-07-06T21:04:00+00:00
1720299900000,-24724.39628463234986945169713,2024-07-06T21:05:00+00:00
1720299960000,-24724.39096963234986945169713,2024-07-06T21:06:00+00:00
1720300020000,-24724.39628463234986945169713,2024-07-06T21:07:00+00:00
1720300080000,-24724.38299713234986945169713,2024-07-06T21:08:00+00:00
1720300140000,-24724.38299713234986945169713,2024-07-06T21:09:00+00:00
1720300200000,-24724.36705213234986945169713,2024-07-06T21:10:00+00:00
1720300260000,-24724.36705213234986945169713,2024-07-06T21:11:00+00:00
1720300320000,-24724.38565463234986945169713,2024-07-06T21:12:00+00:00
1720300380000,-24724.39628463234986945169713,2024-07-06T21:13:00+00:00
1720300440000,-24724.36439463234986945169713,2024-07-06T21:14:00+00:00
1720300500000,-24724.38299713234986945169713,2024-07-06T21:15:00+00:00
1720300560000,-24724.37236713234986945169713,2024-07-06T21:16:00+00:00
1720300620000,-24724.38033963234986945169713,2024-07-06T21:17:00+00:00
1720300680000,-24724.41222963234986945169713,2024-07-06T21:18:00+00:00
1720300740000,-24724.39628463234986945169713,2024-07-06T21:19:00+00:00
1720300800000,-24724.40425713234986945169713,2024-07-06T21:20:00+00:00
1720300860000,-24724.40691463234986945169713,2024-07-06T21:21:00+00:00
1720300920000,-24724.40159963234986945169713,2024-07-06T21:22:00+00:00
1720300980000,-24724.41222963234986945169713,2024-07-06T21:23:00+00:00
1720301040000,-24724.41488713234986945169713,2024-07-06T21:24:00+00:00
1720301100000,-24724.43614713234986945169713,2024-07-06T21:25:00+00:00
1720301160000,-24724.43880463234986945169713,2024-07-06T21:26:00+00:00
1720301220000,-24724.43614713234986945169713,2024-07-06T21:27:00+00:00
1720301280000,-24724.43880463234986945169713,2024-07-06T21:28:00+00:00
1720301340000,-24724.43083213234986945169713,2024-07-06T21:29:00+00:00
1720301400000,-24724.43348963234986945169713,2024-07-06T21:30:00+00:00
1720301460000,-24724.43348963234986945169713,2024-07-06T21:31:00+00:00
1720301520000,-24724.43083213234986945169713,2024-07-06T21:32:00+00:00
1720301580000,-24724.42817463234986945169713,2024-07-06T21:33:00+00:00
1720301640000,-24724.41488713234986945169713,2024-07-06T21:34:00+00:00
1720301700000,-24724.40691463234986945169713,2024-07-06T21:35:00+00:00
1720301760000,-24724.40691463234986945169713,2024-07-06T21:36:00+00:00
1720301820000,-24724.40691463234986945169713,2024-07-06T21:37:00+00:00
1720301880000,-24724.40691463234986945169713,2024-07-06T21:38:00+00:00
1720301940000,-24724.40691463234986945169713,2024-07-06T21:39:00+00:00
1720302000000,-24724.40425713234986945169713,2024-07-06T21:40:00+00:00
1720302060000,-24724.40425713234986945169713,2024-07-06T21:41:00+00:00
1720302120000,-24724.39894213234986945169713,2024-07-06T21:42:00+00:00
1720302180000,-24724.39894213234986945169713,2024-07-06T21:43:00+00:00
1720302240000,-24724.40691463234986945169713,2024-07-06T21:44:00+00:00
1720302300000,-24724.38831213234986945169713,2024-07-06T21:45:00+00:00
1720302360000,-24724.39362713234986945169713,2024-07-06T21:46:00+00:00
1720302420000,-24724.39362713234986945169713,2024-07-06T21:47:00+00:00
1720302480000,-24724.39362713234986945169713,2024-07-06T21:48:00+00:00
1720302540000,-24724.39628463234986945169713,2024-07-06T21:49:00+00:00
1720302600000,-24724.39362713234986945169713,2024-07-06T21:50:00+00:00
1720302660000,-24724.39362713234986945169713,2024-07-06T21:51:00+00:00
1720302720000,-24724.43083213234986945169713,2024-07-06T21:52:00+00:00
1720302780000,-24724.43083213234986945169713,2024-07-06T21:53:00+00:00
1720302840000,-24724.39096963234986945169713,2024-07-06T21:54:00+00:00
1720302900000,-24724.41754463234986945169713,2024-07-06T21:55:00+00:00
1720302960000,-24724.42020213234986945169713,2024-07-06T21:56:00+00:00
1720303020000,-24724.41754463234986945169713,2024-07-06T21:57:00+00:00
1720303080000,-24724.43348963234986945169713,2024-07-06T21:58:00+00:00
1720303140000,-24724.43348963234986945169713,2024-07-06T21:59:00+00:00
1720303200000,-24724.41754463234986945169713,2024-07-06T22:00:00+00:00
1720303260000,-24724.42020213234986945169713,2024-07-06T22:01:00+00:00
1720303320000,-24724.43614713234986945169713,2024-07-06T22:02:00+00:00
1720303380000,-24724.41754463234986945169713,2024-07-06T22:03:00+00:00
1720303440000,-24724.41754463234986945169713,2024-07-06T22:04:00+00:00
1720303500000,-24724.40957213234986945169713,2024-07-06T22:05:00+00:00
1720303560000,-24724.39096963234986945169713,2024-07-06T22:06:00+00:00
1720303620000,-24724.39096963234986945169713,2024-07-06T22:07:00+00:00
1720303680000,-24724.39096963234986945169713,2024-07-06T22:08:00+00:00
1720303740000,-24724.39894213234986945169713,2024-07-06T22:09:00+00:00
1720303800000,-24724.39628463234986945169713,2024-07-06T22:10:00+00:00
1720303860000,-24724.39628463234986945169713,2024-07-06T22:11:00+00:00
1720303920000,-24724.40691463234986945169713,2024-07-06T22:12:00+00:00
1720303980000,-24724.40691463234986945169713,2024-07-06T22:13:00+00:00
1720304040000,-24724.41488713234986945169713,2024-07-06T22:14:00+00:00
1720304100000,-24724.38831213234986945169713,2024-07-06T22:15:00+00:00
1720304160000,-24724.38033963234986945169713,2024-07-06T22:16:00+00:00
1720304220000,-24724.37768213234986945169713,2024-07-06T22:17:00+00:00
1720304280000,-24724.35642213234986945169713,2024-07-06T22:18:00+00:00
1720304340000,-24724.35376463234986945169713,2024-07-06T22:19:00+00:00
1720304400000,-24724.34047713234986945169713,2024-07-06T22:20:00+00:00
1720304460000,-24724.30858713234986945169713,2024-07-06T22:21:00+00:00
1720304520000,-24724.31390213234986945169713,2024-07-06T22:22:00+00:00
1720304580000,-24724.31124463234986945169713,2024-07-06T22:23:00+00:00
1720304640000,-24724.31655963234986945169713,2024-07-06T22:24:00+00:00
1720304700000,-24724.31655963234986945169713,2024-07-06T22:25:00+00:00
1720304760000,-24724.31921713234986945169713,2024-07-06T22:26:00+00:00
1720304820000,-24724.34047713234986945169713,2024-07-06T22:27:00+00:00
1720304880000,-24724.34047713234986945169713,2024-07-06T22:28:00+00:00
1720304940000,-24724.33781963234986945169713,2024-07-06T22:29:00+00:00
1720305000000,-24724.33516213234986945169713,2024-07-06T22:30:00+00:00
1720305060000,-24724.31124463234986945169713,2024-07-06T22:31:00+00:00
1720305120000,-24724.28732713234986945169713,2024-07-06T22:32:00+00:00
1720305180000,-24724.27403963234986945169713,2024-07-06T22:33:00+00:00
1720305240000,-24724.27403963234986945169713,2024-07-06T22:34:00+00:00
1720305300000,-24724.27403963234986945169713,2024-07-06T22:35:00+00:00
1720305360000,-24724.27935463234986945169713,2024-07-06T22:36:00+00:00
1720305420000,-24724.28466963234986945169713,2024-07-06T22:37:00+00:00
1720305480000,-24724.25809463234986945169713,2024-07-06T22:38:00+00:00
1720305540000,-24724.23417713234986945169713,2024-07-06T22:39:00+00:00
1720305600000,-24724.21025963234986945169713,2024-07-06T22:40:00+00:00
1720305660000,-24724.21025963234986945169713,2024-07-06T22:41:00+00:00
1720305720000,-24724.22354713234986945169713,2024-07-06T22:42:00+00:00
1720305780000,-24724.23683463234986945169713,2024-07-06T22:43:00+00:00
1720305840000,-24724.24480713234986945169713,2024-07-06T22:44:00+00:00
1720305900000,-24724.23417713234986945169713,2024-07-06T22:45:00+00:00
1720305960000,-24724.23949213234986945169713,2024-07-06T22:46:00+00:00
1720306020000,-24724.21557463234986945169713,2024-07-06T22:47:00+00:00
1720306080000,-24724.21557463234986945169713,2024-07-06T22:48:00+00:00
1720306140000,-24724.21025963234986945169713,2024-07-06T22:49:00+00:00
1720306200000,-24724.23151963234986945169713,2024-07-06T22:50:00+00:00
1720306260000,-24724.23417713234986945169713,2024-07-06T22:51:00+00:00
1720306320000,-24724.22354713234986945169713,2024-07-06T22:52:00+00:00
1720306380000,-24724.21823213234986945169713,2024-07-06T22:53:00+00:00
1720306440000,-24724.21025963234986945169713,2024-07-06T22:54:00+00:00
1720306500000,-24724.21291713234986945169713,2024-07-06T22:55:00+00:00
1720306560000,-24724.21823213234986945169713,2024-07-06T22:56:00+00:00
1720306620000,-24724.21823213234986945169713,2024-07-06T22:57:00+00:00
1720306680000,-24724.22088963234986945169713,2024-07-06T22:58:00+00:00
1720306740000,-24724.23683463234986945169713,2024-07-06T22:59:00+00:00
1720306800000,-24724.23417713234986945169713,2024-07-06T23:00:00+00:00
1720306860000,-24724.23151963234986945169713,2024-07-06T23:01:00+00:00
1720306920000,-24724.27669713234986945169713,2024-07-06T23:02:00+00:00
1720306980000,-24724.28466963234986945169713,2024-07-06T23:03:00+00:00
1720307040000,-24724.26606713234986945169713,2024-07-06T23:04:00+00:00
1720307100000,-24724.27669713234986945169713,2024-07-06T23:05:00+00:00
1720307160000,-24724.28201213234986945169713,2024-07-06T23:06:00+00:00
1720307220000,-24724.26606713234986945169713,2024-07-06T23:07:00+00:00
1720307280000,-24724.25012213234986945169713,2024-07-06T23:08:00+00:00
1720307340000,-24724.26606713234986945169713,2024-07-06T23:09:00+00:00
1720307400000,-24724.25809463234986945169713,2024-07-06T23:10:00+00:00
1720307460000,-24724.26340963234986945169713,2024-07-06T23:11:00+00:00
1720307520000,-24724.27403963234986945169713,2024-07-06T23:12:00+00:00
1720307580000,-24724.27403963234986945169713,2024-07-06T23:13:00+00:00
1720307640000,-24724.26872463234986945169713,2024-07-06T23:14:00+00:00
1720307700000,-24724.27935463234986945169713,2024-07-06T23:15:00+00:00
1720307760000,-24724.26340963234986945169713,2024-07-06T23:16:00+00:00
1720307820000,-24724.25012213234986945169713,2024-07-06T23:17:00+00:00
1720307880000,-24724.24480713234986945169713,2024-07-06T23:18:00+00:00
1720307940000,-24724.25012213234986945169713,2024-07-06T23:19:00+00:00
1720308000000,-24724.21557463234986945169713,2024-07-06T23:20:00+00:00
1720308060000,-24724.21557463234986945169713,2024-07-06T23:21:00+00:00
1720308120000,-24724.23949213234986945169713,2024-07-06T23:22:00+00:00
1720308180000,-24724.23151963234986945169713,2024-07-06T23:23:00+00:00
1720308240000,-24724.22886213234986945169713,2024-07-06T23:24:00+00:00
1720308300000,-24724.23683463234986945169713,2024-07-06T23:25:00+00:00
1720308360000,-24724.23949213234986945169713,2024-07-06T23:26:00+00:00
1720308420000,-24724.23417713234986945169713,2024-07-06T23:27:00+00:00
1720308480000,-24724.23151963234986945169713,2024-07-06T23:28:00+00:00
1720308540000,-24724.24214963234986945169713,2024-07-06T23:29:00+00:00
1720308600000,-24724.23151963234986945169713,2024-07-06T23:30:00+00:00
1720308660000,-24724.26075213234986945169713,2024-07-06T23:31:00+00:00
1720308720000,-24724.28732713234986945169713,2024-07-06T23:32:00+00:00
1720308780000,-24724.29264213234986945169713,2024-07-06T23:33:00+00:00
1720308840000,-24724.30858713234986945169713,2024-07-06T23:34:00+00:00
1720308900000,-24724.33250463234986945169713,2024-07-06T23:35:00+00:00
1720308960000,-24724.32453213234986945169713,2024-07-06T23:36:00+00:00
1720309020000,-24724.34047713234986945169713,2024-07-06T23:37:00+00:00
1720309080000,-24724.34313463234986945169713,2024-07-06T23:38:00+00:00
1720309140000,-24724.32453213234986945169713,2024-07-06T23:39:00+00:00
1720309200000,-24724.32984713234986945169713,2024-07-06T23:40:00+00:00
1720309260000,-24724.33516213234986945169713,2024-07-06T23:41:00+00:00
1720309320000,-24724.33516213234986945169713,2024-07-06T23:42:00+00:00
1720309380000,-24724.35110713234986945169713,2024-07-06T23:43:00+00:00
1720309440000,-24724.35376463234986945169713,2024-07-06T23:44:00+00:00
1720309500000,-24724.36439463234986945169713,2024-07-06T23:45:00+00:00
1720309560000,-24724.35376463234986945169713,2024-07-06T23:46:00+00:00
1720309620000,-24724.33516213234986945169713,2024-07-06T23:47:00+00:00
1720309680000,-24724.34313463234986945169713,2024-07-06T23:48:00+00:00
1720309740000,-24724.32984713234986945169713,2024-07-06T23:49:00+00:00
1720309800000,-24724.32187463234986945169713,2024-07-06T23:50:00+00:00
1720309860000,-24724.32187463234986945169713,2024-07-06T23:51:00+00:00
1720309920000,-24724.30858713234986945169713,2024-07-06T23:52:00+00:00
1720309980000,-24724.30061463234986945169713,2024-07-06T23:53:00+00:00
1720310040000,-24724.29264213234986945169713,2024-07-06T23:54:00+00:00
1720310100000,-24724.28732713234986945169713,2024-07-06T23:55:00+00:00
1720310160000,-24724.28201213234986945169713,2024-07-06T23:56:00+00:00
1720310220000,-24724.28732713234986945169713,2024-07-06T23:57:00+00:00
1720310280000,-24724.28732713234986945169713,2024-07-06T23:58:00+00:00
1720310340000,-24724.28201213234986945169713,2024-07-06T23:59:00+00:00
1720310400000,-24724.28466963234986945169713,2024-07-07T00:00:00+00:00
